Festival,Year,Track,Title,Brand,Agency,Network,Holding,Category,Award level,Country,Company,Product,Production
Fiap,2025,Anuncios,Saludo a las mamas,TecniScan,d4 McCann,McCann Worldgroup,IPG,Via Publica - Servicios,Shortlist,Guatemala,TecniScan,Paquetes especiales de mamografias y ultrasonidos mamarios,Impresion ABG Publicidad
Fiap,2025,Anuncios,Saludo a las mamas,TecniScan,d4 McCann,McCann Worldgroup,IPG,Salud,Shortlist,Guatemala,TecniScan,Paquetes especiales de mamografias y ultrasonidos mamarios,Impresion ABG Publicidad
Fiap,2025,Innovacion,Escape Room Soledad,Fundacion la Caixa,Manifiesto,Independiente,Independiente,Salud,Shortlist,Espana,Fundacion la Caixa,Fundacion la Caixa,Blua
Fiap,2025,Innovacion,Escape Room Soledad,Fundacion la Caixa,Manifiesto,Independiente,Independiente,Innovacion en Eventos/Experiencia,Shortlist,Espana,Fundacion la Caixa,Fundacion la Caixa,Blua
Fiap,2025,Innovacion,Escape Room Soledad,Fundacion la Caixa,Manifiesto,Independiente,Independiente,Innovacion en Activaciones,Shortlist,Espana,Fundacion la Caixa,Fundacion la Caixa,Blua
Fiap,2025,Innovacion,Emoji Cocktails,E Leon Jimenes,The Table by de ferrari borrell,Independiente,Independiente,Innovacion en Redes Sociales,Shortlist,Republica Dominicana,La Aurora,Ron 1903,The Table By de ferrari borrell
Fiap,2025,Anuncios,Espacios Reducidos,Nissan,Publicidad Comercial MullenLowe,MullenLowe Group,IPG,Via Publica - Productos,Shortlist,Nicaragua,Nissan Nicaragua,Intelligent Around View� Monitor,N/A
Fiap,2025,Anuncios,El Atraco,Amnistia Internacional,La Despensa,Independiente,Independiente,Television/Cine/Digital - Campanas Bien Publico,Shortlist,Espana,Amnistia Internacional,Amnistia Internacional,Rebolucion y McNulty
Fiap,2025,Anuncios,Good Max,Fundacion Sant Joan de Deu,La Despensa,Independiente,Independiente,Creatividad Efectiva - Bien Publico,Shortlist,Espana,Fundacion Sant Joan de Deu,Recaudacion para la investigacion del cancer infantil,Antiestatico
Fiap,2025,Produccion,Good Max,Fundacion Sant Joan de Deu,La Despensa,Independiente,Independiente,Tecnicas de Produccion Audiovisual - Fotografia,Shortlist,Espana,Fundacion Sant Joan de Deu,Recaudacion para la investigacion del cancer infantil,Antiestatico
Fiap,2025,Anuncios,Espacios Reducidos,Nissan Nicaragua,Publicidad Comercial MullenLowe,MullenLowe Group,IPG,Uso de Inteligencia Artificial,Shortlist,Nicaragua,Nissan Nicaragua/GrupoQ,Intelligent Around View� Monitor,N/A
Fiap,2025,Produccion,Espacios Reducidos,Nissan,Publicidad Comercial MullenLowe,MullenLowe Group,IPG,Tecnicas de Produccion Grafica - Direccion de Arte,Shortlist,Nicaragua,Nissan Nicaragua,Intelligent Around View� Monitor,N/A
Fiap,2025,Innovacion,The 46% Pine Tree,SOH Conservacion,The Table by de ferrari borrell,Independiente,Independiente,Innovacion en campanas sobre sostenibilidad,Shortlist,Republica Dominicana,SOH Conservacion,Pino Criollo,The table by de ferrari borrell
Fiap,2025,Anuncios,El Primer Tratamiento Oral,Daflon,TBS,Independiente,Independiente,Grafica - Higiene domestica personal/Belleza/Cosmetica/Perfumeria/Articulos medicinales y Farmaceuticos,Shortlist,Espana,Servier,Daflon,TBS
Fiap,2025,Anuncios,El Primer Tratamiento Oral,Daflon,TBS,Independiente,Independiente,Via Publica - Productos,Shortlist,Espana,Servier,Daflon,TBS
Fiap,2025,Innovacion,A volta ao mundo em 80000 km,Ultracontact,DOM Solucoes Improvaveis,Grupo OM,Grupo OM,Innovacion en Medios Impresos,Shortlist,Brasil,Continental Pneus,Ultracontact tire,DOM Solu��es Improvaveis/Ariadna Equador
Fiap,2025,Formatos,A volta ao mundo em 80000 km,Ultracontact,DOM Solucoes Improvaveis,Grupo OM,Grupo OM,Branded Content integrado a otras plataformas,Shortlist,Brasil,Continental Pneus,Ultracontact tire,DOM Solu��es Improvaveis/Ariadna Equador
Fiap,2025,Anuncios,Las reglas no escritas del futbol en la Conmebol Libertadores,MAPFRE,Agencia Tango,Colectivo &c,Colectivo &c,Creatividad Efectiva - Aporte Cultural y/o Multicultural,Shortlist,Espana,MAPFRE,PATROCINIO MAPFRE-CONMEBOL LIBERTADORES,The Masses
Fiap,2025,Innovacion,Pan de Vida,UNICEF Mexico,Miami Ad School,N/A,N/A,Estudiantes,Shortlist,Mexico,UNICEF,ONG,N/A
Fiap,2025,Anuncios,Pepsi Sunsets,Pepsi,Valor,Independiente,Independiente,Via Publica - Productos,Shortlist,Peru,PepsiCo,Pepsi,Studio V - Paola Pastrana
Fiap,2025,Formatos,Un contenido muy poco normal,Banco BHD,Publicis Dominicana,Publicis Worldwide,Publicis Groupe,Mejor Uso de Influencer en cualquier plataforma,Shortlist,Republica Dominicana,Banco BHD,Segmento Mujer BHD,N/A
Fiap,2025,Innovacion,Fan Home � El estadio que se convirtio en un verdadero hogar,Fotocasa,Coyote - Reserva Creativa,Independiente,Independiente,Innovacion en Eventos/Experiencia,Shortlist,Espana,Adevinta,Patrocinio Atletico de Madrid,Paco Gelardo
Fiap,2025,Innovacion,Autokscuela,Cochesnet,Coyote - Reserva Creativa,Independiente,Independiente,Innovacion en Musica,Shortlist,Espana,Adevinta,Cochesnet,Coyote - Reserva Creativa/Salloia - Productora musical IA
Fiap,2025,Formatos,La Cancion de Amor que no Sabias que Escribiste,Amaras,Valor,Independiente,Independiente,Mejor Uso de Influencer en cualquier plataforma,Shortlist,Peru,Alicorp,Shampoo Amaras,Ka&O
Fiap,2025,Formatos,Un contenido muy poco normal,Banco BHD,Publicis Dominicana,Publicis Worldwide,Publicis Groupe,Contenido con mejor estrategia digital,Shortlist,Republica Dominicana,Banco BHD,Segmento Mujer BHD,N/A
Fiap,2025,Formatos,Un contenido muy poco normal,Banco BHD,Publicis Dominicana,Publicis Worldwide,Publicis Groupe,Social Content,Shortlist,Republica Dominicana,Banco BHD,Segmento Mujer BHD,N/A
Fiap,2025,Formatos,Un contenido muy poco normal,Banco BHD,Publicis Dominicana,Publicis Worldwide,Publicis Groupe,Branded Content integrado a otras plataformas,Shortlist,Republica Dominicana,Banco BHD,Segmento Mujer BHD,N/A
Fiap,2025,Anuncios,The Illegal Spots,Vans,The Pub School,N/A,N/A,Estudiantes,Shortlist,Colombia,Vans,The Illegal Spots,N/A
Fiap,2025,Formatos,Museo Cajita Feliz,McDonalds,YoCo Agency,Independiente,Independiente,Live Experience,Shortlist,Guatemala,McDonalds Guatemala,Institucional,YoCo
Fiap,2025,Formatos,Museo Cosplayer,McDonalds,YoCo Agency,Independiente,Independiente,Live Experience,Shortlist,Guatemala,McDonalds Guatemala,Salsa Chili Picante,YoCo
Fiap,2025,Innovacion,Museo Cajita Feliz,McDonalds,YoCo Agency,Independiente,Independiente,Innovacion en Eventos/Experiencia,Shortlist,Guatemala,McDonalds Guatemala,Institucional,YoCo
Fiap,2025,Produccion,Museo Cajita Feliz,McDonalds,YoCo Agency,Independiente,Independiente,Tecnicas de Produccion en PR,Shortlist,Guatemala,McDonalds Guatemala,Institucional,YoCo
Fiap,2025,Formatos,Community King,Burger King,BBA,Independiente,Independiente,Social Content,Shortlist,Ecuador,Burger King,Burger King,Fabryca
Fiap,2025,Innovacion,Museo Cosplayer,McDonalds,YoCo Agency,Independiente,Independiente,Innovacion en Eventos/Experiencia,Shortlist,Guatemala,McDonalds Guatemala,Salsa Chili Picante,YoCo
Fiap,2025,Produccion,Museo Cosplayer,McDonalds,YoCo Agency,Independiente,Independiente,Tecnicas de Produccion en PR,Shortlist,Guatemala,McDonalds Guatemala,Salsa Chili Picante,YoCo
Fiap,2025,Formatos,Pete Zahat,Pizza Hut,BBA,Independiente,Independiente,Mejor Uso de Influencer en cualquier plataforma,Shortlist,Ecuador,Pizza Hut,Pizza Hut,Fabryca
Fiap,2025,Formatos,Pete Zahat,Pizza Hut,BBA,Independiente,Independiente,Contenido con mejor estrategia digital,Shortlist,Ecuador,Pizza Hut,Pizza Hut,Fabryca
Fiap,2025,Innovacion,Community King,Burger King,BBA,Independiente,Independiente,Innovacion en PR,Shortlist,Ecuador,Burger King,Burger King,Fabryca
Fiap,2025,Anuncios,Divine Donation,SOLCA,VML Norlop Ecuador,VML,WPP,Creatividad Efectiva - Bien Publico,Shortlist,Ecuador,SOLCA (Sociedad de Lucha Contra el Cancer),SOLCA,Mysticpoint - Acme - Swing Music
Fiap,2025,Formatos,Divine Donation,SOLCA,VML Norlop Ecuador,VML,WPP,Mejor Campana de Sostenibilidad,Shortlist,Ecuador,SOLCA (Sociedad de Lucha Contra el Cancer),SOLCA,Mysticpoint - Acme - Swing Music
Fiap,2025,Formatos,The Secret Endings,Netflix,Bendita Carpeta,N/A,N/A,Estudiantes,Shortlist,Colombia,Netflix,The secret endings,N/A
Fiap,2025,Formatos,Content Hackers,Vaselina,The Pub School,N/A,N/A,Estudiantes,Shortlist,Colombia,Vaselina,Vaselina,N/A
Fiap,2025,Innovacion,Free the Voices,Monoceros Labs,LLYC,LLYC,LLYC,Innovacion en Tecnologia,Shortlist,Espana,Monoceros Labs,Fonos,LLYC
Fiap,2025,Innovacion,Free the Voices,Monoceros Labs,LLYC,LLYC,LLYC,Uso de Inteligencia Artificial,Shortlist,Espana,Monoceros Labs,Fonos,LLYC
Fiap,2025,Anuncios,Being Vegan is Good Sh*t,Peta,SAMY,SAMY,N/A,Television/Cine/Digital - Campanas Bien Publico,Shortlist,Espana,Peta,Dieta vegana y uno de sus principales beneficios,Flamboyant Paradise
Fiap,2025,Anuncios,Le Golle,Gollo,Mccann Worldgroup,McCann Worldgroup,IPG,Mejor Uso de la Cultura Local,Shortlist,Costa Rica,Gollo,Gollo,N/A
Fiap,2025,Formatos,Le Golle,Gollo,Mccann Worldgroup,McCann Worldgroup,IPG,Live Experience,Shortlist,Costa Rica,Gollo,Gollo,N/A
Fiap,2025,Innovacion,Le Golle,Gollo,Mccann Worldgroup,McCann Worldgroup,IPG,Innovacion en Eventos/Experiencia,Shortlist,Costa Rica,Gollo,Gollo,N/A
Fiap,2025,Innovacion,Le Golle,Gollo,Mccann Worldgroup,McCann Worldgroup,IPG,Innovacion en Marketing Directo,Shortlist,Costa Rica,Gollo,Gollo,N/A
Fiap,2025,Produccion,Porque Si,Seagrams Gin,LLYC,LLYC,LLYC,Tecnicas de Produccion Grafica - Direccion de Arte,Shortlist,Espana,Pernod Ricard,Seagrams Dry Gin,Blur
Fiap,2025,Anuncios,Rightsizing,Hyundai,Lopez Negrete Communcations,Independiente,Independiente,Television/Cine/Digital - Automoviles,Shortlist,USA,Hyundai Motor America,TUCSON,Madre
Fiap,2025,Anuncios,ES PARA MI,H-E-B,Lopez Negrete Communcations,Independiente,Independiente,Radio - Jingles/Musica Original/Audio logo/Mejor Sound Effect,Shortlist,USA,H-E-B,H-E-B,N/A
Fiap,2025,Anuncios,Green Man,Toyota,Conill Advertising,Saatchi & Saatchi,Publicis Groupe,Television/Cine/Digital - Automoviles,Shortlist,USA,Toyota Motor North America USA Inc,ELECTRIC BZ4X,NOT NORMAL
Fiap,2025,Formatos,Lost Names,Toyota,Conill Advertising,Saatchi & Saatchi,Publicis Groupe,Product Placement - Entretenimiento,Shortlist,USA,Toyota Motor North America USA Inc,Toyota,JAW Productions
Fiap,2025,Produccion,Rightsizing,Hyundai,Lopez Negrete Communcations,Independiente,Independiente,Tecnicas de Produccion Audiovisual - Fotografia,Shortlist,USA,Hyundai Motor America,TUCSON,Madre
Fiap,2025,Anuncios,Llorar de risa,The Comedy Chateau,Conill Advertising,Saatchi & Saatchi,Publicis Groupe,Grafica - Recreacion/Placer/Tiempo Libre/Transporte/Viajes/Turismo,Shortlist,USA,The Comedy Chateau,Comedy Chateau Shows,Parana Films
Fiap,2025,Produccion,ES PARA MI,H-E-B,Lopez Negrete Communcations,Independiente,Independiente,Tecnicas de Produccion Audiovisual - Musica Adaptada/Musica Original/Diseno de Sonido/Canciones/Jingles/Audio Logo/Uso de Licencias,Shortlist,USA,H-E-B,H-E-B,N/A
Fiap,2025,Produccion,In Full Character,WorldFest,Lopez Negrete Communcations,Independiente,Independiente,Tecnicas de Produccion Grafica - Ilustracion,Shortlist,USA,Houston International Film Festival,WorldFest 58th,N/A
Fiap,2025,Formatos,Cold Activated Announcers,Coors Light,Alma,DDB Worldwide,Omnicom,Online Video,Shortlist,USA,Molson Coors Beverage Company,Coors Light,Omnicom Production - Omnicom Studios - Crown Street Films - Animal Music
Fiap,2025,Formatos,Allevia Pollen Passport,Allegra,MRM,McCann Worldgroup,IPG,Salud,Shortlist,Espana,Opella-Allegra,Allegra,N/A
Fiap,2025,Anuncios,Inteligencia emocional,CONING,Buppa Comunicacion,Independiente,Independiente,Creatividad Efectiva - Bien Publico,Shortlist,Argentina,CONING,ONG,Buppa Comunicacion
Fiap,2025,Formatos,Anty Murphys Law Toast,Opella,MRM,McCann Worldgroup,IPG,Branded Content - Programa de Entretenimiento,Shortlist,Espana,Opella-Enterogermina,Enterogermina,Carino Contents
Fiap,2025,Innovacion,Design your sleep while you sleep,IKEA Family,MRM,McCann Worldgroup,IPG,Innovacion en plataformas digitales,Shortlist,Espana,IKEA,IKEA Family,N/A
Fiap,2025,Anuncios,Reality Check Miami Beach,N/A,VML,VML,WPP,Television/Cine/Digital - Campanas Bien Publico,Shortlist,USA,Greater Miami Convention & Visitors Bureau,N/A,AlteredLA
Fiap,2025,Innovacion,The Heist,La Bru,AlteredLA,Independiente,Independiente,Uso de Inteligencia Artificial,Shortlist,USA,LA BRU,Cerveza La Bru,AlteredLA
Fiap,2025,Formatos,Anty Murphys Law Toast,Opella,MRM,McCann Worldgroup,IPG,Own Media - Video Plataforma - Video,Shortlist,Espana,Opella-Enterogermina,Enterogermina,Carino Contents
Fiap,2025,Formatos,Anty Murphys Law Toast,Opella,MRM,McCann Worldgroup,IPG,Contenido con mejor estrategia digital,Shortlist,Espana,Opella-Enterogermina,Enterogermina,Carino Contents
Fiap,2025,Formatos,Anty Murphys Law Toast,Opella,MRM,McCann Worldgroup,IPG,Cortos,Shortlist,Espana,Opella-Enterogermina,Enterogermina,Carino Contents
Fiap,2025,Formatos,Anty Murphys Law Toast,Opella,MRM,McCann Worldgroup,IPG,Online Video,Shortlist,Espana,Opella-Enterogermina,Enterogermina,Carino Contents
Fiap,2025,Formatos,Anty Murphys Law Toast,Opella,MRM,McCann Worldgroup,IPG,Salud,Shortlist,Espana,Opella-Enterogermina,Enterogermina,Carino Contents
Fiap,2025,Innovacion,Anty Murphys Law Toast,Opella,MRM,McCann Worldgroup,IPG,Salud,Shortlist,Espana,Opella-Enterogermina,Enterogermina,Carino Contents
Fiap,2025,Anuncios,Anty Murphys Law Toast,Opella,MRM,McCann Worldgroup,IPG,Television/Cine/Digital - Higiene domestica personal/Belleza/Cosmetica/Perfumeria/Articulos medicinales y Farmaceuticos,Shortlist,Espana,Opella-Enterogermina,Enterogermina,Carino Contents
Fiap,2025,Anuncios,Anty Murphys Law Toast,Opella,MRM,McCann Worldgroup,IPG,Television/Cine/Digital - Mejor Musica Incidental/Mejor Cancion Original/Mejor Direccion Musical,Shortlist,Espana,Opella-Enterogermina,Enterogermina,Carino Contents
Fiap,2025,Anuncios,Anty Murphys Law Toast,Opella,MRM,McCann Worldgroup,IPG,Mejor Diseno,Shortlist,Espana,Opella-Enterogermina,Enterogermina,Carino Contents
Fiap,2025,Anuncios,Anty Murphys Law Toast,Opella,MRM,McCann Worldgroup,IPG,Salud,Shortlist,Espana,Opella-Enterogermina,Enterogermina,Carino Contents
Fiap,2025,Produccion,Anty Murphys Law Toast,Opella,MRM,McCann Worldgroup,IPG,Tecnicas de Produccion Audiovisual - Direccion General,Shortlist,Espana,Opella-Enterogermina,Enterogermina,Carino Contents
Fiap,2025,Produccion,Anty Murphys Law Toast,Opella,MRM,McCann Worldgroup,IPG,Tecnicas de Produccion Audiovisual - Edicion,Shortlist,Espana,Opella-Enterogermina,Enterogermina,Carino Contents
Fiap,2025,Produccion,Anty Murphys Law Toast,Opella,MRM,McCann Worldgroup,IPG,Tecnicas de Produccion Audiovisual - Musica Adaptada/Musica Original/Diseno de Sonido/Canciones/Jingles/Audio Logo/Uso de Licencias,Shortlist,Espana,Opella-Enterogermina,Enterogermina,Carino Contents
Fiap,2025,Produccion,Anty Murphys Law Toast,Opella,MRM,McCann Worldgroup,IPG,Mejor Locucion Campana/Mensaje Internacional - TV/Web/Redes,Shortlist,Espana,Opella-Enterogermina,Enterogermina,Carino Contents
Fiap,2025,Innovacion,Design your sleep while you sleep,IKEA Family,MRM,McCann Worldgroup,IPG,Innovacion en Tecnologia,Shortlist,Espana,IKEA,IKEA Family,N/A
Fiap,2025,Innovacion,Design your sleep while you sleep,IKEA Family,MRM,McCann Worldgroup,IPG,Innovacion en Mobile,Shortlist,Espana,IKEA,IKEA Family,N/A
Fiap,2025,Innovacion,Design your sleep while you sleep,IKEA Family,MRM,McCann Worldgroup,IPG,Innovacion en Activaciones,Shortlist,Espana,IKEA,IKEA Family,N/A
Fiap,2025,Innovacion,Design your sleep while you sleep,IKEA Family,MRM,McCann Worldgroup,IPG,Innovacion en Marketing Directo,Shortlist,Espana,IKEA,IKEA Family,N/A
Fiap,2025,Innovacion,Design your sleep while you sleep,IKEA Family,MRM,McCann Worldgroup,IPG,Salud,Shortlist,Espana,IKEA,IKEA Family,N/A
Fiap,2025,Innovacion,Allevia Pollen Passport,Allegra,MRM,McCann Worldgroup,IPG,Innovacion en Tecnologia,Shortlist,Espana,Opella-Allegra,Allegra,N/A
Fiap,2025,Innovacion,Allevia Pollen Passport,Allegra,MRM,McCann Worldgroup,IPG,Innovacion en Marketing Directo,Shortlist,Espana,Opella-Allegra,Allegra,N/A
Fiap,2025,Innovacion,Allevia Pollen Passport,Allegra,MRM,McCann Worldgroup,IPG,Salud,Shortlist,Espana,Opella-Allegra,Allegra,N/A
Fiap,2025,Anuncios,Allevia Pollen Passport,Allegra,MRM,McCann Worldgroup,IPG,Salud,Shortlist,Espana,Opella-Allegra,Allegra,N/A
Fiap,2025,Anuncios,Drowsy Prompts - Hamlet,Allegra,MRM,McCann Worldgroup,IPG,Uso de Inteligencia Artificial,Shortlist,Espana,Opella,Allegra,N/A
Fiap,2025,Formatos,La playlist de la Victoria,Cervezas Victoria,Arena/Jon Lavin/The Lion,Havas Media Network,Havas,Own Media - Video Plataforma - Audio,Shortlist,Espana,Cervezas Victoria,Cervezas Victoria,Lobokane
Fiap,2025,Innovacion,El futbolin de las campeonas,ABANCA,Ernest,Independiente,Independiente,Innovacion en Outdoor/Via publica/Ambient,Shortlist,Espana,ABANCA,ABANCA,La Remedios
Fiap,2025,Innovacion,El futbolin de las campeonas,ABANCA,Ernest,Independiente,Independiente,Innovacion en Eventos/Experiencia,Shortlist,Espana,ABANCA,ABANCA,La Remedios
Fiap,2025,Innovacion,El futbolin de las campeonas,ABANCA,Ernest,Independiente,Independiente,Innovacion en Activaciones,Shortlist,Espana,ABANCA,ABANCA,La Remedios
Fiap,2025,Formatos,Creditos en accion,ABANCA Seguros,Ernest,Independiente,Independiente,Product Placement - Ficcion,Shortlist,Espana,ABANCA,ABANCA Seguros,La Remedios
Fiap,2025,Innovacion,Creditos en accion,ABANCA Seguros,Ernest,Independiente,Independiente,Innovacion en Television,Shortlist,Espana,ABANCA,ABANCA Seguros,La Remedios
Fiap,2025,Innovacion,Tres anuncios en las afueras,ABANCA Seguros,Ernest,Independiente,Independiente,Innovacion en Outdoor/Via publica/Ambient,Shortlist,Espana,ABANCA,ABANCA Seguros,La Remedios
Fiap,2025,Innovacion,Tres anuncios en las afueras,ABANCA Seguros,Ernest,Independiente,Independiente,Innovacion en Eventos/Experiencia,Shortlist,Espana,ABANCA,ABANCA Seguros,La Remedios
Fiap,2025,Innovacion,Tres anuncios en las afueras,ABANCA Seguros,Ernest,Independiente,Independiente,Innovacion en Marketing Directo,Shortlist,Espana,ABANCA,ABANCA Seguros,La Remedios
Fiap,2025,Produccion,Tres anuncios en las afueras,ABANCA Seguros,Ernest,Independiente,Independiente,Tecnicas de Produccion de BTL,Shortlist,Espana,ABANCA,ABANCA Seguros,La Remedios
Fiap,2025,Formatos,Entre Quejios,Turismo y Deporte de Andalucia,Ernest,Independiente,Independiente,Branded Content integrado a otras plataformas,Shortlist,Espana,Turismo y Deporte de Andalucia,Turismo y Deporte de Andalucia,La Remedios Casa Limon La Joya
Fiap,2025,Innovacion,Entre Quejios,Turismo y Deporte de Andalucia,Ernest,Independiente,Independiente,Innovacion en Musica,Shortlist,Espana,Turismo y Deporte de Andalucia,Turismo y Deporte de Andalucia,La Remedios Casa Limon La Joya
Fiap,2025,Anuncios,Entre Quejios,Turismo y Deporte de Andalucia,Ernest,Independiente,Independiente,Television/Cine/Digital - Mejor Musica Incidental/Mejor Cancion Original/Mejor Direccion Musical,Shortlist,Espana,Turismo y Deporte de Andalucia,Turismo y Deporte de Andalucia,La Remedios Casa Limon La Joya
Fiap,2025,Innovacion,Sorry Alex,Turismo y Deporte de Andalucia,Ernest,Independiente,Independiente,Innovacion en Outdoor/Via publica/Ambient,Shortlist,Espana,Turismo y Deporte de Andalucia,Turismo y Deporte de Andalucia,La Remedios
Fiap,2025,Anuncios,Sorry Alex,Turismo y Deporte de Andalucia,Ernest,Independiente,Independiente,Mejor Uso de la Cultura Local,Shortlist,Espana,Turismo y Deporte de Andalucia,Turismo y Deporte de Andalucia,La Remedios
Fiap,2025,Innovacion,Si tu no vas viene Jim,DUIN Sports Club,Ernest,Independiente,Independiente,Innovacion en Activaciones,Shortlist,Espana,DUIN Sports Club,DUIN Sports Club,La Remedios
Fiap,2025,Anuncios,La Reserva Rosa,Liga Contra El cancer,RosadoToledo&,Independiente,Independiente,Creatividad Efectiva - Bien Publico,Shortlist,Puerto Rico,Liga Contra El cancer,Clinica de La Liga Contra El cancer,Cine 70/Whisky
Fiap,2025,Anuncios,La Reserva Rosa,Liga Contra El cancer,RosadoToledo&,Independiente,Independiente,Salud,Shortlist,Puerto Rico,Liga Contra El cancer,Clinica de La Liga Contra El cancer,Cine 70/Whisky
Fiap,2025,Anuncios,La Reserva Rosa,Liga Contra El cancer,RosadoToledo&,Independiente,Independiente,Mejor Uso de la Cultura Local,Shortlist,Puerto Rico,Liga Contra El cancer,Clinica de La Liga Contra El cancer,Cine 70/Whisky
Fiap,2025,Formatos,La Reserva Rosa,Liga Contra El cancer,RosadoToledo&,Independiente,Independiente,Mejor Campana de Plataforma de Responsabilidad Social,Shortlist,Puerto Rico,Liga Contra El cancer,Clinica de La Liga Contra El cancer,Cine 70/Whisky
Fiap,2025,Anuncios,Supporting Numbers,Susan G Komen for the Cure,RosadoToledo&,Independiente,Independiente,Salud,Shortlist,Puerto Rico,Susan G Komen for the Cure,RACE FOR THE CURE,RosadoToledo&
Fiap,2025,Innovacion,Supporting Numbers,Susan G Komen for the Cure,RosadoToledo&,Independiente,Independiente,Innovacion en Outdoor/Via publica/Ambient,Shortlist,Puerto Rico,Susan G Komen for the Cure,RACE FOR THE CURE,RosadoToledo&
Fiap,2025,Innovacion,Supporting Numbers,Susan G Komen for the Cure,RosadoToledo&,Independiente,Independiente,Innovacion en Eventos/Experiencia,Shortlist,Puerto Rico,Susan G Komen for the Cure,RACE FOR THE CURE,RosadoToledo&
Fiap,2025,Innovacion,Zero Runs = Pepsi Zero,Pepsi Zero,RosadoToledo&,Independiente,Independiente,Innovacion en Television,Shortlist,Puerto Rico,Pepsi,Pepsi Zero,RosadoToledo&
Fiap,2025,Innovacion,Zero Runs = Pepsi Zero,Pepsi Zero,RosadoToledo&,Independiente,Independiente,Innovacion en Eventos/Experiencia,Shortlist,Puerto Rico,Pepsi,Pepsi Zero,RosadoToledo&
Fiap,2025,Formatos,Zero Runs = Pepsi Zero,Pepsi Zero,RosadoToledo&,Independiente,Independiente,Live Experience,Shortlist,Puerto Rico,Pepsi,Pepsi Zero,RosadoToledo&
Fiap,2025,Innovacion,Sweat Store,Gatorade,RosadoToledo&,Independiente,Independiente,Innovacion en Activaciones,Shortlist,Puerto Rico,Pepsico & CBC,Gatorade,RosadoToledo&
Fiap,2025,Innovacion,Love Language Lessons,Duolingo,Bendita Carpeta,N/A,N/A,Estudiantes,Shortlist,Chile,Duolingo,Love Language Lessons,N/A
Fiap,2025,Innovacion,The Missing Team,Sandy Hook Promise,Miami Ad School,N/A,N/A,Estudiantes,Shortlist,Mexico,Sandy Hook Promise,EA Sports College Football 2025,Estudiantes
Fiap,2025,Formatos,Corona Suntimer,Cerveza Corona,El Taier DDB Centro,DDB Worldwide,Omnicom,Live Experience,Shortlist,Guatemala,Cerveceria Ambev,Cerveza,Mento Media
Fiap,2025,Formatos,Corona Suntimer,Cerveza Corona,El Taier DDB Centro,DDB Worldwide,Omnicom,Mejor Uso de Ambient Media,Shortlist,Guatemala,Cerveceria Ambev,Cerveza,Mento Media
Fiap,2025,Innovacion,Corona Suntimer,Cerveza Corona,El Taier DDB Centro,DDB Worldwide,Omnicom,Innovacion en Outdoor/Via publica/Ambient,Shortlist,Guatemala,Cerveceria Ambev,Cerveza,Mento Media
Fiap,2025,Innovacion,Corona Suntimer,Cerveza Corona,El Taier DDB Centro,DDB Worldwide,Omnicom,Innovacion en Eventos/Experiencia,Shortlist,Guatemala,Cerveceria Ambev,Cerveza,Mento Media
Fiap,2025,Innovacion,Corona Suntimer,Cerveza Corona,El Taier DDB Centro,DDB Worldwide,Omnicom,Innovacion en Activaciones,Shortlist,Guatemala,Cerveceria Ambev,Cerveza,Mento Media
Fiap,2025,Innovacion,Corona Suntimer,Cerveza Corona,El Taier DDB Centro,DDB Worldwide,Omnicom,Innovacion en Marketing Directo,Shortlist,Guatemala,Cerveceria Ambev,Cerveza,Mento Media
Fiap,2025,Innovacion,Leosapp,SuperFrango,Filadelfia,Independiente,Independiente,Innovacion en plataformas digitales,Shortlist,Brasil,Sao Salvador Alimentos,Muslos y contramuslos de pollo deshuesados,Jnto
Fiap,2025,Anuncios,Leosapp,SuperFrango,Filadelfia,Independiente,Independiente,Uso de Inteligencia Artificial,Shortlist,Brasil,Sao Salvador Alimentos,Muslos y contramuslos de pollo deshuesados,Jnto
Fiap,2025,Innovacion,Styled to Stay,IKEA,Brother,N/A,N/A,Estudiantes,Shortlist,Uruguay,IKEA,Styled to Stay,N/A
Fiap,2025,Innovacion,Amis7ad Apas10nada,Schneider,Brother,N/A,N/A,Estudiantes,Shortlist,Argentina,N/A,Lata Schneider 710ml,N/A
Fiap,2025,Formatos,Pizza Pizza Voice Jumper,Little Caesars,Digitas,Publicis Worldwide,Publicis Groupe,Advergaming,Shortlist,Guatemala,Coralsa - Little Caesars Guatemala,Little Caesars,Pits Guatemala
Fiap,2025,Formatos,Amis7ad Apas10nada,Schneider,Brother,N/A,N/A,Estudiantes,Shortlist,Argentina,N/A,Lata Schneider 710ml,N/A
Fiap,2025,Anuncios,InvertirIA como ellos,Valores Casa de Bolsa,Biedermann McCann,McCann Worldgroup,IPG,Grafica - Varios,Shortlist,Paraguay,Valores Casa de Bolsa,Alianza Inviu,Biedermann
Fiap,2025,Formatos,Duo Grails,Duolingo,Miami Ad School,N/A,N/A,Estudiantes,Shortlist,Mexico,Duolingo,Duo Grails,N/A
Fiap,2025,Formatos,idolas no Reconocidas,Mastercard,WMcCann,McCann Worldgroup,IPG,Branded Content integrado a otras plataformas,Shortlist,Brasil,Mastercard,Mastercard,Piloto
Fiap,2025,Formatos,Fabio Cesar Ferreira,Lacta Bis,BPS (Brand Partnership Studio),Amazon Servi�os de Varejo do Brasil Ltda,Amazon,Branded Content - Programa de Entretenimiento,Shortlist,Brasil,Mondelez Lacta Brasil,Bis,Brand Partnership Studio
Fiap,2025,Formatos,Fabio Cesar Ferreira,Lacta Bis,BPS (Brand Partnership Studio),Amazon Servi�os de Varejo do Brasil Ltda,Amazon,Advergaming,Shortlist,Brasil,Mondelez Lacta Brasil,Bis,Brand Partnership Studio
Fiap,2025,Formatos,idolas no Reconocidas,Mastercard,WMcCann,McCann Worldgroup,IPG,Mejor Uso de Ambient Media,Shortlist,Brasil,Mastercard,Mastercard,Piloto
Fiap,2025,Anuncios,Llevamos mas tiempo aqui que lo muy de aqui,Burger King,This is Libre,Independiente,Independiente,Television/Cine/Digital - Alimentos/Comidas/Bebidas Alcoholicas/No Alcoholicas,Shortlist,Espana,Burger King Espana,Burger King,Roma
Fiap,2025,Anuncios,Llevamos mas tiempo aqui que lo muy de aqui,Burger King,This is Libre,Independiente,Independiente,Mejor Uso de la Cultura Local,Shortlist,Espana,Burger King Espana,Burger King,Roma
Fiap,2025,Anuncios,Identique,Campofrio,This is Libre,Independiente,Independiente,Campanas Integrales,Shortlist,Espana,Campofrio,Campofrio,Harry
Fiap,2025,Anuncios,Identique,Campofrio,This is Libre,Independiente,Independiente,Creatividad Efectiva - Aporte Cultural y/o Multicultural,Shortlist,Espana,Campofrio SL,Campofrio,Harry
Fiap,2025,Anuncios,Identique,Campofrio,This is Libre,Independiente,Independiente,Mejor Uso de la Cultura Local,Shortlist,Espana,Campofrio,Campofrio,Harry
Fiap,2025,Formatos,Identique,Campofrio,This is Libre,Independiente,Independiente,Medios Integrados/Contenido 360,Shortlist,Espana,Campofrio,Campofrio,Harry
Fiap,2025,Anuncios,A unos libros de distancia,Casa del Libro,This is Libre,Independiente,Independiente,Radio - Negocios al publico,Shortlist,Espana,Casa del Libro,Casa del Libro,Essencial Producciones
Fiap,2025,Anuncios,A unos libros de distancia,Casa del Libro,This is Libre,Independiente,Independiente,Uso Creativo del Espacio en Publicidad de Eventos,Shortlist,Espana,Casa del Libro,Casa del Libro,Essencial Producciones
Fiap,2025,Formatos,A unos libros de distancia,Casa del Libro,This is Libre,Independiente,Independiente,Desarrollo Tecnologico,Shortlist,Espana,Casa del Libro,Casa del Libro,Essencial Producciones
Fiap,2025,Formatos,A unos libros de distancia,Casa del Libro,This is Libre,Independiente,Independiente,Mejor Uso de Ambient Media,Shortlist,Espana,Casa del Libro,Casa del Libro,Essencial Producciones
Fiap,2025,Innovacion,A unos libros de distancia,Casa del Libro,This is Libre,Independiente,Independiente,Innovacion en Outdoor/Via publica/Ambient,Shortlist,Espana,Casa del Libro,Casa del Libro,Essencial Producciones
Fiap,2025,Formatos,Incomplete Ads,Quesos Que Rico,Mccann Worldgroup,McCann Worldgroup,IPG,Social Content,Shortlist,Panama,Nestle �,Quesos Que Rico,Latido
Fiap,2025,Innovacion,Incomplete Ads,Quesos Que Rico,Mccann Worldgroup,McCann Worldgroup,IPG,Innovacion en Redes Sociales,Shortlist,Panama,Nestle �,Quesos Que Rico,Latido
Fiap,2025,Anuncios,Cold Activated Announcers,Coors Light,Alma,DDB Worldwide,Omnicom,Radio - Alimentos/Comidas/Bebidas Alcoholicas/No Alcoholicas,Shortlist,USA,Molson Coors Beverage Company,Coors Light,Omnicom Production - Omnicom Studios - Crown Street Films - Animal Music
Fiap,2025,Formatos,DesafIA El nuevo Desafio Pepsi,Pepsi,Becoming Mode & Nro3,Becoming Mode & Nro3,Becoming Mode & Nro3,Live Experience,Shortlist,Argentina,PepsiCo,Pepsi Zero,Rebolucion & Macarena
Fiap,2025,Produccion,Cold Activated Announcers,Coors Light,Alma,DDB Worldwide,Omnicom,Mejor Locucion Comercial - Radio,Shortlist,USA,Molson Coors Beverage Company,Coors Light,Omnicom Production - Omnicom Studios - Crown Street Films - Animal Music
Fiap,2025,Produccion,Cold Activated Announcers,Coors Light,Alma,DDB Worldwide,Omnicom,Mejor Locucion Idioma Extranjero - (Excluye espanol y portugues),Shortlist,USA,Molson Coors Beverage Company,Coors Light,Omnicom Production - Omnicom Studios - Crown Street Films - Animal Music
Fiap,2025,Formatos,DesafIA El nuevo Desafio Pepsi,Pepsi,Becoming Mode & Nro3,Becoming Mode & Nro3,Becoming Mode & Nro3,Uso de Inteligencia Artificial,Shortlist,Argentina,PepsiCo,Pepsi Zero,Rebolucion & Macarena
Fiap,2025,Innovacion,DesafIA El nuevo Desafio Pepsi,Pepsi,Becoming Mode & Nro3,Becoming Mode & Nro3,Becoming Mode & Nro3,Mejor Experiencia Interactiva y Creativa en Evento,Shortlist,Argentina,PepsiCo,Pepsi Zero,Rebolucion & Macarena
Fiap,2025,Formatos,Saving Pelotica de Goma,Pelotica de Goma,La Web Figital Agency/Buentipo,Independiente,Independiente,Mejor Uso de Influencer en cualquier plataforma,Shortlist,Venezuela,Vacilate Esto,Saving Pelotica de Goma/Torneo Pelotica de Goma Vacilate Esto,La web Figital Agency/Buentipo
Fiap,2025,Formatos,Saving Pelotica de Goma,Vacilate Esto,La Web Figital Agency/Buentipo,Independiente,Independiente,Live Experience,Shortlist,Venezuela,Pelotica de Goma,Saving Pelotica de Goma/Torneo Pelotica de Goma Vacilate Esto,El Patio Content Sudio/Buentipo
Fiap,2025,Formatos,Saving Pelotica de Goma,Vacilate Esto,La Web Figital Agency/Buentipo,Independiente,Independiente,Evento en Vivo o Hibrido,Shortlist,Venezuela,Pelotica de Goma,Saving Pelotica de Goma/Torneo Pelotica de Goma Vacilate Esto,La web Figital Agency/Buentipo
Fiap,2025,Anuncios,InvertirIA como ellos,Valores Casa de Bolsa,Biedermann McCann,McCann Worldgroup,IPG,Grafica - Campanas (Productos/Servicios/Corporativas),Shortlist,Paraguay,Valores Casa de Bolsa,Alianza Inviu,Biedermann
Fiap,2025,Innovacion,[BAR] Pilsener,Pilsener,draftLine ABINBEV,Inhouse,Inhouse,Innovacion en Gaming y Entretenimiento,Shortlist,Ecuador,Ab-inbev,Pilsener,DraftLine Studios- Productora In-House
Fiap,2025,Innovacion,[BAR] Pilsener,Pilsener,draftLine ABINBEV,Inhouse,Inhouse,Innovacion en Activaciones,Shortlist,Ecuador,Ab-inbev,Pilsener,DraftLine Studios- Productora In-House
Fiap,2025,Anuncios,No seas paloma,Oldspice,Digitas,Publicis Worldwide,Publicis Groupe,Television/Cine/Digital - Higiene domestica personal/Belleza/Cosmetica/Perfumeria/Articulos medicinales y Farmaceuticos,Shortlist,Peru,Procter and Gamble,Oldpice en barra,Rebeca
Fiap,2025,Formatos,Conchita predictions,Juan Valdez,Inside Studio,Independiente,Independiente,Social Content,Shortlist,Colombia,Juan Valdez,N/A,Zuan Film
Fiap,2025,Anuncios,[BAR] Pilsener,Pilsener,draftLine ABINBEV,Inhouse,Inhouse,Television/Cine/Digital - Alimentos/Comidas/Bebidas Alcoholicas/No Alcoholicas,Shortlist,Ecuador,Ab-Inbev,Pilsener,DraftLine Studios- Productora In-House
Fiap,2025,Anuncios,Fire Prints,Revista Unquiet,Tech And Soul,Tech And Soul,Tech And Soul,Grafica - Recreacion/Placer/Tiempo Libre/Transporte/Viajes/Turismo,Shortlist,Brasil,Revista Unquiet,Institucional,Tech and Soul
Fiap,2025,Produccion,Fire Prints,Revista Unquiet,Tech And Soul,Tech And Soul,Tech And Soul,Tecnicas de Produccion Grafica - Direccion de Arte,Shortlist,Brasil,Revista Unquiet,Institucional,Tech and Soul
Fiap,2025,Formatos,Art Hits,B3 Pinacoteca Kondzilla,Tech And Soul,Tech And Soul,Tech And Soul,Music Content,Shortlist,Brasil,B3,B3 Cultura,Save this name
Fiap,2025,Formatos,Art Hits,B3 Pinacoteca Kondzilla,Tech And Soul,Tech And Soul,Tech And Soul,Social Content,Shortlist,Brasil,B3,B3 Cultura,Save this name
Fiap,2025,Innovacion,Cup Of Duty,KRAFT MAC & CHEESE,Miami Ad School,N/A,N/A,Estudiantes,Shortlist,Colombia,KRAFT MAC & CHEESE,MAC & CHEESE,N/A
Fiap,2025,Innovacion,Habitaciones que no callan,Movimiento de valientes Latino America y el Caribe,Publicidad Comercial MullenLowe,MullenLowe Group,IPG,Innovacion en PR,Shortlist,El Salvador,Movimiento de valientes Latino America y el Caribe,Movimiento de valientes Latino America y el Caribe,Mullenlowe SSP3/Gaspar
Fiap,2025,Innovacion,Vacilate AI,Vacilate Esto,La Web Figital Agency,Independiente,Independiente,Innovacion en Radio,Shortlist,Venezuela,Vacilate Esto,Vacilate AI,Estrella Rodriguez
Fiap,2025,Formatos,zZztreaming,360 Energy Drink,Digitas,Publicis Worldwide,Publicis Groupe,Live Experience,Shortlist,Peru,Industrias San Miguel,360 Energy Drink Gamer,The Pub
Fiap,2025,Innovacion,Powerade Reflective Label,Powerade,Independiente,N/A,N/A,Estudiantes,Shortlist,Peru,Coca Cola,Bebida isotonica,N/A
Fiap,2025,Innovacion,Samsung Impulse,Samsung,Cheil,Cheil Worldwide,Cheil,Uso de Inteligencia Artificial,Shortlist,Espana,Samsung Electronics Iberia,Galaxy Watch,Somos5
Fiap,2025,Innovacion,The Mind Guardian,Samsung,Cheil,Cheil Worldwide,Cheil,Salud,Shortlist,Espana,Samsung Electronics Iberia,Galaxy Tab & Cualquier tablet Android independientemente de la marca,Somos5
Fiap,2025,Formatos,Nescafe Decaf Billboards,Nescafe,Star5 Creative Inc,Ogilvy,WPP,Via Publica,Shortlist,Panama,Nestle,Cafe Descafeinado,VFX
Fiap,2025,Innovacion,Airbnbees - Luis Artadi & Joan Valenzuela,Airbnb,La Calle Escuela Creativa,N/A,N/A,Estudiantes,Shortlist,Peru,Airbnb,Airbnb,N/A
Fiap,2025,Innovacion,HackaGo,Google Cloud,Miami Ad School,N/A,N/A,Estudiantes,Shortlist,Espana,Google Cloud,Google Cloud,Google
Fiap,2025,Anuncios,El Rondon de Polar,Polar Pilsen,RG2 FCB,FCB,IPG,Television/Cine/Digital - Alimentos/Comidas/Bebidas Alcoholicas/No Alcoholicas,Shortlist,Venezuela,Polar Pilsen,Polar Pilsen,El Living
Fiap,2025,Produccion,Descubre La Guajira,Discover La Guajira - DMO (destination management office),Tornus,Independiente,Independiente,Tecnicas de Produccion Audiovisual - Direccion General,Shortlist,Colombia,Gobernacion La Guajira,La Guajira - territorio turistico Promocion de destino,Tornus
Fiap,2025,Produccion,Descubre La Guajira,Discover La Guajira - DMO (destination management office),Tornus,Independiente,Independiente,Tecnicas de Produccion Audiovisual - Edicion,Shortlist,Colombia,Gobernacion La Guajira,La Guajira - territorio turistico Promocion de destino,Tornus
Fiap,2025,Innovacion,Grandgamer,Xbox,Miami Ad School,N/A,N/A,Estudiantes,Shortlist,Mexico,Xbox,Terapias,Estudiantes
Fiap,2025,Formatos,Nescafe Decaf Billboards,Nescafe,Star5 Creative Inc,Ogilvy,WPP,Mejor Uso de Ambient Media,Shortlist,Panama,Nestle,Cafe Descafeinado,VFX
Fiap,2025,Innovacion,Nescafe Decaf Billboards,Nescafe,Star5 Creative Inc,Ogilvy,WPP,Innovacion en Outdoor/Via publica/Ambient,Shortlist,Panama,Nestle,Cafe Descafeinado,VFX
Fiap,2025,Anuncios,Nescafe Decaf Billboards,Nescafe,Star5 Creative Inc,Ogilvy,WPP,Via Publica - Productos,Shortlist,Panama,Nestle,Cafe Descafeinado,VFX
Fiap,2025,Anuncios,Nescafe Decaf Billboards,Nescafe,Star5 Creative Inc,Ogilvy,WPP,Via Publica - Campanas,Shortlist,Panama,Nestle,Cafe Descafeinado,VFX
Fiap,2025,Anuncios,Nescafe Decaf Billboards,Nescafe,Star5 Creative Inc,Ogilvy,WPP,Mejor Uso de la Cultura Local,Shortlist,Panama,Nestle,Cafe Descafeinado,VFX
Fiap,2025,Innovacion,Mujeres Valiosas,Casa de Moneda de Chile,Inbrax,SAB Marketing Connections,SAB Marketing Connections,Innovacion en Medios Impresos,Shortlist,Chile,Casa de Moneda de Chile,Impreso Conmemorativo 280 Anos,N/A
Fiap,2025,Formatos,The Diving Counter,Disney+,Bendita Carpeta,N/A,N/A,Estudiantes,Shortlist,Colombia,Disney+,Disney+,N/A
Fiap,2025,Innovacion,DuoLobby,Duolingo,Bendita Carpeta,N/A,N/A,Estudiantes,Shortlist,Chile,Duolingo,Overlay app,N/A
Fiap,2025,Formatos,Unboxer de prevencion,Chilesincancer,Inbrax,SAB Marketing Connections,SAB Marketing Connections,Salud,Shortlist,Chile,Chilesincancer,Unboxer de prevencion,Why Not Films
Fiap,2025,Innovacion,Unboxer de prevencion,Chilesincancer,Inbrax,SAB Marketing Connections,SAB Marketing Connections,Salud,Shortlist,Chile,Chilesincancer,Unboxer de prevencion,Why Not Films
Fiap,2025,Innovacion,Unboxer de prevencion,Chilesincancer,Inbrax,SAB Marketing Connections,SAB Marketing Connections,Innovacion en Marketing Directo,Shortlist,Chile,Chilesincancer,Unboxer de prevencion,Why Not Films
Fiap,2025,Formatos,DuoMiles,Duolingo,Bendita Carpeta,N/A,N/A,Estudiantes,Shortlist,Colombia,Duolingo,Duolingo,N/A
Fiap,2025,Formatos,Mayo Leaks,Hellmanns,Bendita Carpeta,N/A,N/A,Estudiantes,Shortlist,Colombia,Hellmanns,Hellmanns,N/A
Fiap,2025,Innovacion,Habitaciones que no callan,Movimiento de valientes Latino America y el Caribe,Publicidad Comercial MullenLowe,MullenLowe Group,IPG,Innovacion en Marketing Directo,Shortlist,El Salvador,Movimiento de valientes Latino America y el Caribe,Movimiento de valientes Latino America y el Caribe,Mullenlowe SSP3/Gaspar
Fiap,2025,Innovacion,Habitaciones que no callan,Movimiento de valientes Latino America y el Caribe,Publicidad Comercial MullenLowe,MullenLowe Group,IPG,Innovacion en Eventos/Experiencia,Shortlist,El Salvador,Movimiento de valientes Latino America y el Caribe,Movimiento de valientes Latino America y el Caribe,Mullenlowe SSP3/Gaspar
Fiap,2025,Anuncios,Habitaciones que no callan,Movimiento de valientes Latino America y el Caribe,Publicidad Comercial MullenLowe,MullenLowe Group,IPG,Transformacion Social - ONG,Shortlist,El Salvador,Movimiento de valientes Latino America y el Caribe,Movimiento de valientes Latino America y el Caribe,Mullenlowe SSP3/Gaspar
Fiap,2025,Formatos,Sonando Con DiDi,DiDi Rides,Initiative,Mediabrands,IPG,Own Media - Video Plataforma - Video,Shortlist,Mexico,DiDi Mexico,DiDi Rides,N/A
Fiap,2025,Anuncios,Habitaciones que no callan,Movimiento de valientes Latino America y el Caribe,Publicidad Comercial MullenLowe,MullenLowe Group,IPG,Uso Creativo del Espacio en Publicidad de Eventos,Shortlist,El Salvador,Movimiento de valientes Latino America y el Caribe,Movimiento de valientes Latino America y el Caribe,Mullenlowe SSP3/Gaspar
Fiap,2025,Anuncios,Habitaciones que no callan,Movimiento de valientes Latino America y el Caribe,Publicidad Comercial MullenLowe,MullenLowe Group,IPG,Creatividad Efectiva - Bien Publico,Shortlist,El Salvador,Movimiento de valientes Latino America y el Caribe,Movimiento de valientes Latino America y el Caribe,Mullenlowe SSP3/Gaspar
Fiap,2025,Produccion,Habitaciones que no callan,Movimiento de valientes Latino America y el Caribe,Publicidad Comercial MullenLowe,MullenLowe Group,IPG,Tecnicas de Produccion en PR,Shortlist,El Salvador,Movimiento de valientes Latino America y el Caribe,Movimiento de valientes Latino America y el Caribe,Mullenlowe SSP3/Gaspar
Fiap,2025,Produccion,Habitaciones que no callan,Movimiento de valientes Latino America y el Caribe,Publicidad Comercial MullenLowe,MullenLowe Group,IPG,Tecnicas de Produccion de BTL,Shortlist,El Salvador,Movimiento de valientes Latino America y el Caribe,Movimiento de valientes Latino America y el Caribe,Mullenlowe SSP3/Gaspar
Fiap,2025,Innovacion,The Antidoping Burger,Burger King,Bendita Carpeta,N/A,N/A,Estudiantes,Shortlist,Mexico,Burger King,The Impossible Burger,N/A
Fiap,2025,Innovacion,Player 024,Ministerio de Sanidad,The Atomic Garden,N/A,N/A,Estudiantes,Shortlist,Espana,Gobierno de Espana,Linea 024 (Linea de atencion a la conducta suicida),N/A
Fiap,2025,Innovacion,Heinzterception,Heinz,Teran,TBWA Worldwide,Omnicom,Innovacion en Eventos/Experiencia,Shortlist,Mexico,Kraft Heinz Mexico,Core,Disco
Fiap,2025,Innovacion,Heinzterception,Heinz,Teran,TBWA Worldwide,Omnicom,Innovacion en Redes Sociales,Shortlist,Mexico,Kraft Heinz Mexico,Core,Disco
Fiap,2025,Innovacion,Heinzterception,Heinz,Teran,TBWA Worldwide,Omnicom,Mejor Experiencia Interactiva y Creativa en Evento,Shortlist,Mexico,Kraft Heinz Mexico,Core,Disco
Fiap,2025,Formatos,The Cheapest Transfers,Bodega Aurrera,Teran,TBWA Worldwide,Omnicom,Advergaming,Shortlist,Mexico,Bodega Aurrera,N/A,N/A
Fiap,2025,Anuncios,[BAR] Pilsener,Pilsener,draftLine ABINBEV,Inhouse,Inhouse,Uso Creativo del Espacio en Publicidad de Eventos,Shortlist,Ecuador,Ab-Inbev,Pilsener,DraftLine Studios- Productora In-House
Fiap,2025,Formatos,The Cheapest Transfers,Bodega Aurrera,Teran,TBWA Worldwide,Omnicom,Branded Content integrado a otras plataformas,Shortlist,Mexico,Bodega Aurrera,N/A,N/A
Fiap,2025,Innovacion,The Cheapest Transfers,Bodega Aurrera,Teran,TBWA Worldwide,Omnicom,Innovacion en Gaming y Entretenimiento,Shortlist,Mexico,Bodega Aurrera,N/A,N/A
Fiap,2025,Innovacion,SAVE THE DATE,Orange,Dentsu Creative,Dentsu Group Inc,Dentsu Group,Innovacion en Tecnologia,Shortlist,Espana,MasOrange,Orange TV Futbol,Jacaranda Publicidad
Fiap,2025,Innovacion,SAVE THE DATE,Orange,Dentsu Creative,Dentsu Group Inc,Dentsu Group,Innovacion en Mobile,Shortlist,Espana,MasOrange,Orange TV Futbol,Jacaranda Publicidad
Fiap,2025,Innovacion,The Rewards Bag,TaTa,VML,VML,WPP,Innovacion en Activaciones,Shortlist,Uruguay,GDN,Supermercado,VML
Fiap,2025,Innovacion,The Rewards Bag,TaTa,VML,VML,WPP,Innovacion en Marketing Directo,Shortlist,Uruguay,GDN,Supermercado,VML
Fiap,2025,Formatos,The Rewards Bag,TaTa,VML,VML,WPP,Mejor Uso de Ambient Media,Shortlist,Uruguay,GDN,Supermercado,VML
Fiap,2025,Produccion,Overthinking,Peru Rail,Lemon,Independiente,Independiente,Tecnicas de Produccion Audiovisual - Direccion General,Shortlist,Peru,Peru Rail,Tren,Manzanon Films
Fiap,2025,Produccion,Overthinking,Peru Rail,Lemon,Independiente,Independiente,Tecnicas de Produccion Audiovisual - Fotografia,Shortlist,Peru,Peru Rail,Tren,Manzanon Films
Fiap,2025,Produccion,Nave,Win,Lemon,Independiente,Independiente,Tecnicas de Produccion Audiovisual - Direccion General,Shortlist,Peru,Win,Win TV,Manzanon Films
Fiap,2025,Produccion,Nave,Win,Lemon,Independiente,Independiente,Tecnicas de Produccion Audiovisual - Direccion de Actores,Shortlist,Peru,Win,Win TV,Manzanon Films
Fiap,2025,Produccion,Nave,Win,Lemon,Independiente,Independiente,Tecnicas de Produccion Audiovisual - Direccion de Arte,Shortlist,Peru,Win,Win TV,Manzanon Films
Fiap,2025,Anuncios,La Campana Imperfecta,Don Vittorio,Paradais DDB,DDB Worldwide,Omnicom,Campanas Integrales,Shortlist,Ecuador,Alicorp,Don Vittorio,Levector
Fiap,2025,Produccion,The Love-Crafted Campaign,Don Vittorio,Paradais DDB,DDB Worldwide,Omnicom,Tecnicas de Produccion de BTL,Shortlist,Ecuador,Alicorp,Don Vittorio,Beicon
Fiap,2025,Innovacion,Luces en la Via,ITB Instituto Tecnologico Bolivariano de Ecuador,Nuno Studio,Independiente,Independiente,Innovacion en Outdoor/Via publica/Ambient,Shortlist,Ecuador,ITB Instituto Tecnologico Bolivariano de Ecuador,Facultad de Mecanica y Transportacion,Abel Flores
Fiap,2025,Anuncios,Luces en la Via,ITB Instituto Tecnologico Bolivariano de Ecuador,Nuno Studio,Independiente,Independiente,Mejor Uso de la Cultura Local,Shortlist,Ecuador,ITB Instituto Tecnologico Bolivariano de Ecuador,Facultad de Mecanica y Transportacion,Abel Flores
Fiap,2025,Anuncios,El clima ideal cuando mas lo necesitas,BGH,Mccann Worldgroup,McCann Worldgroup,IPG,Campanas Integrales,Shortlist,Argentina,BGH,Aire acondicionado inverter,Winona
Fiap,2025,Innovacion,Soundload tutorials,Banco General Ruminahui,Ariadna Communications Group,Ariadna,Ariadna Communications Group,Innovacion en Radio,Shortlist,Ecuador,Banco General Ruminahui,BGR Digital,CAT
Fiap,2025,Innovacion,Soundload tutorials,Banco General Ruminahui,Ariadna Communications Group,Ariadna,Ariadna Communications Group,Innovacion en Outdoor/Via publica/Ambient,Shortlist,Ecuador,Banco General Ruminahui,BGR Digital,CAT
Fiap,2025,Formatos,Soundload tutorials,Banco General Ruminahui,Ariadna Communications Group,Ariadna,Ariadna Communications Group,Branded Content integrado a otras plataformas,Shortlist,Ecuador,Banco General Ruminahui,BGR APP,CAT
Fiap,2025,Formatos,Soundload tutorials,Banco General Ruminahui,Ariadna Communications Group,Ariadna,Ariadna Communications Group,Music Content,Shortlist,Ecuador,Banco General Ruminahui,BGR APP,CAT
Fiap,2025,Formatos,Unforgettable Women,Banco Pichincha,Mullenlowe Delta,MullenLowe Group,IPG,Mejor Campana de Plataforma de Responsabilidad Social,Shortlist,Ecuador,Banco Pichincha,Institutional,Bang Motions & Films/The Others
Fiap,2025,Anuncios,Unforgettable Women,Banco Pichincha,Mullenlowe Delta,MullenLowe Group,IPG,Transformacion Social - Empresas Privadas,Shortlist,Ecuador,Banco Pichincha,Institutional,Bang Motions & Films/The Others
Fiap,2025,Anuncios,Unrepeatable Ads,Guitig,Mullenlowe Delta,MullenLowe Group,IPG,Grafica - Alimentos/Comidas/Bebidas Alcoholicas/No Alcoholicas,Shortlist,Ecuador,Guitig,Guitig sparkling water,Ramona
Fiap,2025,Anuncios,Unrepeatable Ads,Guitig,Mullenlowe Delta,MullenLowe Group,IPG,Via Publica - Productos,Shortlist,Ecuador,Guitig,Guitig sparkling water,Ramona
Fiap,2025,Anuncios,Unrepeatable Ads,Guitig,Mullenlowe Delta,MullenLowe Group,IPG,Campanas Integrales,Shortlist,Ecuador,Guitig,Guitig sparkling water,Ramona
Fiap,2025,Formatos,Unrepeatable Ads,Guitig,Mullenlowe Delta,MullenLowe Group,IPG,Medios Integrados/Contenido 360,Shortlist,Ecuador,Guitig,Guitig sparkling water,Ramona
Fiap,2025,Produccion,Unrepeatable Ads,Guitig,Mullenlowe Delta,MullenLowe Group,IPG,Tecnicas de Produccion Audiovisual - Direccion General,Shortlist,Ecuador,Guitig,Guitig sparkling water,Ramona
Fiap,2025,Innovacion,37 Lenguas,37 Lenguas,TombrasNina,TombrasNina,TombrasNina,New Business/Nuevos Negocios,Shortlist,Argentina,Grupo DyM - SAIV,Ron,N/A
Fiap,2025,Produccion,37 Lenguas,37 Lenguas,TombrasNina,TombrasNina,TombrasNina,Tecnicas de Produccion Digital - Diseno de Imagen,Shortlist,Argentina,Grupo DyM - SAIV,Ron,N/A
Fiap,2025,Formatos,Beer Refill,Pilsener,Mullenlowe Delta,MullenLowe Group,IPG,Mejor Uso de Ambient Media,Shortlist,Ecuador,Pilsener,Pilsener Beer,La Gallera
Fiap,2025,Anuncios,Beer Refill,Pilsener,Mullenlowe Delta,MullenLowe Group,IPG,Uso Creativo del Espacio en Publicidad de Eventos,Shortlist,Ecuador,Pilsener,Pilsener Beer,La Gallera
Fiap,2025,Produccion,37 Lenguas,37 Lenguas,TombrasNina,TombrasNina,TombrasNina,Tecnicas de Produccion Digital - Diseno General,Shortlist,Argentina,Grupo DyM - SAIV,Ron,N/A
Fiap,2025,Produccion,Emociones,Parque de la costa,TombrasNina,TombrasNina,TombrasNina,Tecnicas de Produccion Digital - Diseno de Imagen,Shortlist,Argentina,Parque de la costa,Parque de atracciones,N/A
Fiap,2025,Formatos,El amor es una montana rusa,Parque de la costa,TombrasNina,TombrasNina,TombrasNina,Branded Content integrado a otras plataformas,Shortlist,Argentina,Parque de la costa,Parque de atracciones,N/A
Fiap,2025,Innovacion,Approved by baby cows,Gloria,Furia Escuela Creativa,N/A,N/A,Estudiantes,Shortlist,Peru,Grupo Gloria,Leche Gloria,N/A
Fiap,2025,Anuncios,El esfuerzo te define,Banco Pichincha,Mullenlowe Delta,MullenLowe Group,IPG,Television/Cine/Digital - Bancos/Financieras,Shortlist,Ecuador,Banco Pichincha,Fomento Deportivo,Akira
Fiap,2025,Innovacion,Face your burnout,Iphone,Brother,N/A,N/A,Estudiantes,Shortlist,Argentina,Apple,Apple Health,N/A
Fiap,2025,Anuncios,El clima ideal cuando mas lo necesitas,BGH,Mccann Worldgroup,McCann Worldgroup,IPG,Television/Cine/Digital - Electrodomesticos/Muebles/Electronica/Computacion/Audio/Video,Shortlist,Argentina,BGH,Aire acondicionado inverter,Winona
Fiap,2025,Anuncios,El clima ideal cuando mas lo necesitas,BGH,Mccann Worldgroup,McCann Worldgroup,IPG,Television/Cine/Digital - Campanas (Productos/Servicios/Corporativas),Shortlist,Argentina,BGH,Aire acondicionado inverter,Winona
Fiap,2025,Anuncios,El clima ideal cuando mas lo necesitas,BGH,Mccann Worldgroup,McCann Worldgroup,IPG,Mejor Uso de la Cultura Local,Shortlist,Argentina,BH,Aire acondicionado inverter,Winona
Fiap,2025,Innovacion,Bizum | Clicks que no clicks que si,Bizum,Viernes Agencia Creativa,Independiente,Independiente,New Business/Nuevos Negocios,Shortlist,Espana,Bizum,Bizum pagos online,Victor Duque
Fiap,2025,Formatos,Gelocatil 50 aniversario,Gelocatil,Viernes Agencia Creativa,Independiente,Independiente,Salud,Shortlist,Espana,Ferrer,Gelocatil,N/A
Fiap,2025,Formatos,Lentes del Alma,TIM Telecom,BETC Havas,Havas Creative,Havas,Cortos,Shortlist,Brasil,TIM Telecom,Institucional,Santeria
Fiap,2025,Formatos,Cargando la Conexion,TIM Telecom,BETC Havas,Havas Creative,Havas,Desarrollo Tecnologico,Shortlist,Brasil,TIM Telecom,Institucional (Un juguete Genius = Simon),Genco
Fiap,2025,Anuncios,TIM Block Pin,TIM Telecom,BETC Havas,Havas Creative,Havas,Mejor Uso de la Cultura Local,Shortlist,Brasil,TIM Telecom,Institucional,Zaine Filmes
Fiap,2025,Formatos,La Mancha Invisible,Vanish,BETC Havas,Havas Creative,Havas,Salud,Shortlist,Brasil,Reckitt,Concienciacion sobre el bullying,LOBO
Fiap,2025,Formatos,Jugando Contra el Mosquito,Insecticida SBP,BETC Havas,Havas Creative,Havas,Mejor Uso de Influencer en cualquier plataforma,Shortlist,Brasil,Reckitt,Insecticida SBP,N/A
Fiap,2025,Produccion,Monstruo vs Robot,Citro�n Brasil,BETC Havas,Havas Creative,Havas,Tecnicas de Produccion Audiovisual - Animacion Computarizada/Efectos Especiales,Shortlist,Brasil,Stellantis,Citro�n Basalt,Zohar
Fiap,2025,Formatos,Sunfetti,WindMar Home,JSD Agency,Independiente,Independiente,Product Placement - Entretenimiento,Shortlist,Puerto Rico,Windmar Home,WindMar Home,JSD Agency
Fiap,2025,Innovacion,El papel que regala conciencia,Mundo GEA,TombrasNina,TombrasNina,TombrasNina,Innovacion en Medios Impresos,Shortlist,Argentina,Mundo GEA,Parque de atracciones,N/A
Fiap,2025,Anuncios,CaixaBank - Algun dia aqui solo veremos deporte,McCann Worldgroup,Mccann Worldgroup,McCann Worldgroup,IPG,Transformacion Social - Empresas Privadas,Shortlist,Espana,CaixaBank,Campana Algun aqui solo veremos deporte,McCann Worldgroup
Fiap,2025,Innovacion,El papel que regala conciencia,Mundo GEA,TombrasNina,TombrasNina,TombrasNina,Innovacion en campanas sobre sostenibilidad,Shortlist,Argentina,Mundo GEA,Parque de atracciones,N/A
Fiap,2025,Formatos,Complete with Imagination,Lego,Bendita Carpeta,N/A,N/A,Estudiantes,Shortlist,Colombia,Lego,Lego,N/A
Fiap,2025,Formatos,The Test List,Grupo Omint,TombrasNina,TombrasNina,TombrasNina,Music Content,Shortlist,Argentina,Grupo Omint,Medicina Prepaga,Warner Music
Fiap,2025,Produccion,Emociones,Parque de la costa,TombrasNina,TombrasNina,TombrasNina,Tecnicas de Produccion Digital - Diseno General,Shortlist,Argentina,Parque de la costa,Parque de atracciones,N/A
Fiap,2025,Produccion,Emociones,Parque de la costa,TombrasNina,TombrasNina,TombrasNina,Tecnicas de Produccion Grafica - Direccion de Arte,Shortlist,Argentina,Parque de la costa,Parque de atracciones,N/A
Fiap,2025,Formatos,Realty for Gamers,Grand View,Garnier BBDO,BBDO Worldwide,Omnicom,Contenido con mejor estrategia digital,Shortlist,Ecuador,Minutocorp,Grand View,Bro Group
Fiap,2025,Formatos,Realty for Gamers,Grand View,Garnier BBDO,BBDO Worldwide,Omnicom,Advergaming,Shortlist,Ecuador,Minutocorp,Grand View,Bro Group
Fiap,2025,Formatos,Realty for Gamers,Grand View,Garnier BBDO,BBDO Worldwide,Omnicom,Evento en Vivo o Hibrido,Shortlist,Ecuador,Minutocorp,Grand View,Bro Group
Fiap,2025,Innovacion,Realty for Gamers,Grand View,Garnier BBDO,BBDO Worldwide,Omnicom,Innovacion en Eventos/Experiencia,Shortlist,Ecuador,Minutocorp,Grand View,Bro Group
Fiap,2025,Innovacion,Realty for Gamers,Grand View,Garnier BBDO,BBDO Worldwide,Omnicom,Innovacion en Gaming y Entretenimiento,Shortlist,Ecuador,Minutocorp,Grand View,Bro Group
Fiap,2025,Innovacion,Realty for Gamers,Grand View,Garnier BBDO,BBDO Worldwide,Omnicom,Innovacion en Marketing Directo,Shortlist,Ecuador,Minutocorp,Grand View,Bro Group
Fiap,2025,Anuncios,Realty for Gamers,Grand View,Garnier BBDO,BBDO Worldwide,Omnicom,Creatividad Efectiva - Aporte Cultural y/o Multicultural,Shortlist,Ecuador,Minutocorp,Grand View,Bro Group
Fiap,2025,Anuncios,Realty for Gamers,Grand View,Garnier BBDO,BBDO Worldwide,Omnicom,Mejor Uso de la Cultura Local,Shortlist,Ecuador,Minutocorp,Grand View,Bro Group
Fiap,2025,Produccion,Victories are liquid Glory is eternal,GATORADE,Mullenlowe Delta,MullenLowe Group,IPG,Tecnicas de Produccion Grafica - Fotografia,Shortlist,Ecuador,TESALIA CBC,GATORADE MARACUYA,N/A
Fiap,2025,Innovacion,De vuelta a casa,Imperial FIFCO,Joystick FIFCO,Independiente,Independiente,Innovacion en PR,Shortlist,Costa Rica,Imperial,Cerveza,Del Mate Producciones Kaiju Creators
Fiap,2025,Innovacion,Second Drop,Depop,Miami Ad School,N/A,N/A,Estudiantes,Shortlist,Espana,Depop,Depop � App de compraventa de moda de segunda mano,Produccion in-house por el equipo creativo/estudiantes
Fiap,2025,Anuncios,Miniso - La depresion no es una fantasia,Miniso Ecuador,Don Alfaro,Independiente,Independiente,Salud,Shortlist,Ecuador,Miniso Ecuador,Miniso Ecuador,Don Alfaro
Fiap,2025,Innovacion,El Codigo Polar Pilsen,Polar Pilsen,La Web Figital Agency,Independiente,Independiente,Innovacion en Activaciones,Shortlist,Venezuela,La Web Figital Agency,Cerveza Polar Pilsen,La Web Figital Agency
Fiap,2025,Innovacion,Categoria Aficionado- Exeltis,Exeltis,Valencia Producciones FX SAS,Independiente,Independiente,Salud,Shortlist,Colombia,Exeltis Colombia,Categoria Aficionado Exeltis - Smartfilms,Valencia Producciones FX SAS
Fiap,2025,Anuncios,Quito sin mineria - El Si de la naturaleza,Quito Sin Mineria,Don Alfaro,Independiente,Independiente,Mejor Uso de la Cultura Local,Shortlist,Ecuador,Quito Sin Mineria,Consulta Popular,Don Alfaro
Fiap,2025,Anuncios,Ignora responsablemente,Movistar,VML,VML,WPP,Television/Cine/Digital - Imagen Corporativa,Shortlist,Argentina,Telefonica,Movistar,LANDIA
Fiap,2025,Formatos,Eclipsed Legacy,Dante Robino,TombrasNina,TombrasNina,TombrasNina,Branded Content - Programa de Ficcion,Shortlist,Argentina,Dante Robino,Bebidas alcoholicas,N/A
Fiap,2025,Formatos,Undeleted,Dove,VML,VML,WPP,Mejor Uso de Influencer en cualquier plataforma,Shortlist,Argentina,Unilever,Desodorante,Mama Hungara
Fiap,2025,Formatos,Undeleted,Dove,VML,VML,WPP,Evento en Vivo o Hibrido,Shortlist,Argentina,Unilever,Desodorante,Mama Hungara
Fiap,2025,Anuncios,Undeleted,Dove,VML,VML,WPP,Creatividad Efectiva - Aporte Cultural y/o Multicultural,Shortlist,Argentina,Unilever,Desodorante,Mama Hungara
Fiap,2025,Anuncios,Undeleted,Dove,VML,VML,WPP,Mejor Uso de la Cultura Local,Shortlist,Argentina,Unilever,Desodorante,Mama Hungara
Fiap,2025,Anuncios,Undeleted,Dove,VML,VML,WPP,Transformacion Social - Empresas Privadas,Shortlist,Argentina,Unilever,Desodorante,Mama Hungara
Fiap,2025,Anuncios,Kissnt Cam,Envidiosa,Ufilms,Ufilms,Ufilms,Uso Creativo del Espacio en Publicidad de Eventos,Shortlist,Uruguay,Netflix,Nueva Temporada,Ufilms
Fiap,2025,Anuncios,Ignora responsablemente,Movistar,VML,VML,WPP,Television/Cine/Digital - Bien Publico,Shortlist,Argentina,Telefonica,Movistar,LANDIA
Fiap,2025,Formatos,Game Guardian,Movistar,VML,VML,WPP,Advergaming,Shortlist,Argentina,Telefonica,Telecomunicaciones,LaDoble
Fiap,2025,Formatos,Game Guardian,Movistar,VML,VML,WPP,Desarrollo Tecnologico,Shortlist,Argentina,Telefonica,Telecomunicaciones,LaDoble
Fiap,2025,Innovacion,Game Guardian,Movistar,VML,VML,WPP,Innovacion en Gaming y Entretenimiento,Shortlist,Argentina,Telefonica,Telecomunicaciones,LaDoble
Fiap,2025,Innovacion,Game Guardian,Movistar,VML,VML,WPP,Uso de Inteligencia Artificial,Shortlist,Argentina,Telefonica,Telecomunicaciones,LaDoble
Fiap,2025,Anuncios,Game Guardian,Movistar,VML,VML,WPP,Transformacion Social - Empresas Privadas,Shortlist,Argentina,Telefonica,Telecomunicaciones,LaDoble
Fiap,2025,Produccion,Ludopatia,Movistar,VML,VML,WPP,Tecnicas de Produccion Audiovisual - Musica Adaptada/Musica Original/Diseno de Sonido/Canciones/Jingles/Audio Logo/Uso de Licencias,Shortlist,Argentina,Telefonica,Telecomunicaciones,Landia
Fiap,2025,Anuncios,Ludopatia,Movistar,VML,VML,WPP,Television/Cine/Digital - Mejor Musica Incidental/Mejor Cancion Original/Mejor Direccion Musical,Shortlist,Argentina,Telefonica,Telecomunicaciones,Landia
Fiap,2025,Formatos,Pizza Pizza Voice Jumper,Little Caesars,Digitas,Publicis Worldwide,Publicis Groupe,Desarrollo Tecnologico,Shortlist,Guatemala,Coralsa - Little Caesars Guatemala,Little Caesars,Pits Guatemala
Fiap,2025,Innovacion,El ultimo Pinojeda,Cabildo de Gran Canaria,22 Grados,Independiente,Independiente,Uso de Inteligencia Artificial,Shortlist,Espana,Cabildo de Gran Canaria,El ultimo Pinojeda,22Grados
Fiap,2025,Formatos,The Test List,Grupo Omint,TombrasNina,TombrasNina,TombrasNina,Mejor Uso de Influencer en cualquier plataforma,Shortlist,Argentina,Grupo Omint,Medicina Prepaga,Warner Music
Fiap,2025,Formatos,The Test List,Grupo Omint,TombrasNina,TombrasNina,TombrasNina,Salud,Shortlist,Argentina,Grupo Omint,Medicina Prepaga,Warner Music
Fiap,2025,Innovacion,The Test List,Grupo Omint,TombrasNina,TombrasNina,TombrasNina,Innovacion en Musica,Shortlist,Argentina,Grupo Omint,Medicina Prepaga,Warner Music
Fiap,2025,Innovacion,The Test List,Grupo Omint,TombrasNina,TombrasNina,TombrasNina,Innovacion en plataformas digitales,Shortlist,Argentina,Grupo Omint,Medicina Prepaga,Warner Music
Fiap,2025,Innovacion,The Test List,Grupo Omint,TombrasNina,TombrasNina,TombrasNina,Salud,Shortlist,Argentina,Grupo Omint,Medicina Prepaga,Warner Music
Fiap,2025,Anuncios,The Test List,Grupo Omint,TombrasNina,TombrasNina,TombrasNina,Television/Cine/Digital - Campanas Bien Publico,Shortlist,Argentina,Grupo Omint,Medicina Prepaga,Warner Music
Fiap,2025,Anuncios,The Test List,Grupo Omint,TombrasNina,TombrasNina,TombrasNina,Salud,Shortlist,Argentina,Grupo Omint,Medicina Prepaga,Warner Music
Fiap,2025,Produccion,The Test List,Grupo Omint,TombrasNina,TombrasNina,TombrasNina,Tecnicas de Produccion de Plataformas Digitales/Redes Sociales,Shortlist,Argentina,Grupo Omint,Medicina Prepaga,Warner Music
Fiap,2025,Produccion,El papel que regala conciencia,Mundo GEA,TombrasNina,TombrasNina,TombrasNina,Tecnicas de Produccion Grafica - Direccion de Arte,Shortlist,Argentina,Mundo GEA,Parque de atracciones,N/A
Fiap,2025,Anuncios,Naughty List,TOYOTA,Conill Advertising,Saatchi & Saatchi,Publicis Groupe,Television/Cine/Digital - Automoviles,Shortlist,USA,Toyota Motor North America USA Inc,TUNDRA,MJZ
Fiap,2025,Formatos,Eclipsed Legacy,Dante Robino,TombrasNina,TombrasNina,TombrasNina,Uso de Inteligencia Artificial,Shortlist,Argentina,Dante Robino,Bebidas alcoholicas,N/A
Fiap,2025,Produccion,Eclipsed Legacy,Dante Robino,TombrasNina,TombrasNina,TombrasNina,Tecnicas de Produccion Grafica - Direccion de Arte,Shortlist,Argentina,Dante Robino,Bebidas alcoholicas,N/A
Fiap,2025,Anuncios,No es lo mismo sin Heinz,Heinz,Cielito,N/A,N/A,Grafica - Alimentos/Comidas/Bebidas Alcoholicas/No Alcoholicas,Shortlist,Paraguay,Heinz/London Import,Aderezos Heinz Ketchup Mayonesa Mostaza BBQ,Cielito
Fiap,2025,Formatos,Lost Names,Toyota,Conill Advertising,Saatchi & Saatchi,Publicis Groupe,Mejor Uso de Influencer en cualquier plataforma,Shortlist,USA,Toyota Motor North America USA Inc,Toyota,JAW Productions
Fiap,2025,Innovacion,Officially Doomed,Play Anywhere,Bendita Carpeta,N/A,N/A,Estudiantes,Shortlist,Colombia,Xbox,Doom - Office,N/A
Fiap,2025,Innovacion,Antiface,Knox,Bendita Carpeta,N/A,N/A,Estudiantes,Shortlist,Colombia,Samsung,ANTIFACE,N/A
Fiap,2025,Formatos,Control To Chew,Extra - Orbit,Bendita Carpeta,N/A,N/A,Estudiantes,Shortlist,Colombia,Mars,Control to Chew,N/A
Fiap,2025,Innovacion,Dolar Diarco,Diarco,BB Agencia,Independiente,Independiente,Innovacion en PR,Shortlist,Argentina,Grupo Goldfarb,Diarco Mayorista,Simio TV
Fiap,2025,Innovacion,Dolar Diarco,Diarco,BB Agencia,Independiente,Independiente,Innovacion en Activaciones,Shortlist,Argentina,Grupo Goldfarb,Diarco Mayorista,Simio TV
Fiap,2025,Anuncios,Dolar Diarco,Diarco,BB Agencia,Independiente,Independiente,Mejor Uso de la Cultura Local,Shortlist,Argentina,Grupo Goldfarb,Diarco Mayorista,Simio TV
Fiap,2025,Anuncios,Burbujas,Coca-Cola,Miami Ad School,N/A,N/A,Estudiantes,Shortlist,Mexico,Coca-Cola Mexico,Coca-Cola,N/A
Fiap,2025,Formatos,Sunfetti,WindMar Home,JSD Agency,Independiente,Independiente,Live Experience,Shortlist,Puerto Rico,Windmar Home,WindMar Home,JSD Agency
Fiap,2025,Formatos,ProtestART,WindMar Home,JSD Agency,Independiente,Independiente,Mejor Uso de Ambient Media,Shortlist,Puerto Rico,WindMar Home,WindMar Home,Raymesh Cintron/Sundries Productions
Fiap,2025,Anuncios,ProtestART,WindMar Home,JSD Agency,Independiente,Independiente,Mejor Uso de la Cultura Local,Shortlist,Puerto Rico,WindMar Home,WindMar Home,Raymesh Cintron/Sundries Productions
Fiap,2025,Produccion,Lejitos,Super 24,Publicidad Comercial MullenLowe,MullenLowe Group,IPG,Tecnicas de Produccion Audiovisual - Fotografia,Shortlist,Guatemala,Super 24,Lejitos,El Studio
Fiap,2025,Produccion,Legal Tracks,Kwai,BETC Havas,Havas Creative,Havas,Tecnicas de Produccion Audiovisual - Musica Adaptada/Musica Original/Diseno de Sonido/Canciones/Jingles/Audio Logo/Uso de Licencias,Shortlist,Brasil,Kwai,Institucional,Zaine Filmes
Fiap,2025,Innovacion,Cargando la Conexion,TIM Telecom,BETC Havas,Havas Creative,Havas,Innovacion en Mobile,Shortlist,Brasil,TIM Telecom,Institucional (Un juguete Genius = Simon),Genco
Fiap,2025,Innovacion,TIM Block Pin,TIM Telecom,BETC Havas,Havas Creative,Havas,Innovacion en Tecnologia,Shortlist,Brasil,TIM Telecom,Institucional,Zaine Filmes
Fiap,2025,Formatos,TIM Block Pin,TIM Telecom,BETC Havas,Havas Creative,Havas,Desarrollo Tecnologico,Shortlist,Brasil,TIM Telecom,Institucional,Zaine Filmes
Fiap,2025,Formatos,La Mancha Invisible,Vanish,BETC Havas,Havas Creative,Havas,Cortos,Shortlist,Brasil,Reckitt,Concienciacion sobre el bullying,Lobo
Fiap,2025,Produccion,La Mancha Invisible,Vanish,BETC Havas,Havas Creative,Havas,Tecnicas de Produccion Audiovisual - Animacion Computarizada/Efectos Especiales,Shortlist,Brasil,Reckitt,Concienciacion sobre el bullying,Lobo
Fiap,2025,Innovacion,El dia que se cobro el aire,COP16,Inmov - Latir,Independiente,Independiente,Innovacion en Eventos/Experiencia,Shortlist,Colombia,ONU - COP16 primera Conferencia de las Partes realizada en Cali Colombia,Evento COP16,Wonderlust by Inmov
Fiap,2025,Innovacion,Jugando Contra el Mosquito,Insecticida SBP,BETC Havas,Havas Creative,Havas,Innovacion en PR,Shortlist,Brasil,Reckitt,Insecticida SBP,N/A
Fiap,2025,Anuncios,Legal Tracks,Kwai,BETC Havas,Havas Creative,Havas,Radio - Jingles/Musica Original/Audio logo/Mejor Sound Effect,Shortlist,Brasil,Kwai,Institucional,Zaine Filmes
Fiap,2025,Formatos,Pancakes Contra el Cancer de Seno,Sociedad Americana Contra el Cancer de Puerto Rico,Lopito Ileana & Howie,Independiente,Independiente,Medios Integrados/Contenido 360,Shortlist,Puerto Rico,Sociedad Americana Contra el Cancer,Cancer de Seno,Zulimar Narvaez
Fiap,2025,Produccion,Lejitos,Super 24,Publicidad Comercial MullenLowe,MullenLowe Group,IPG,Tecnicas de Produccion Audiovisual - Direccion General,Shortlist,Guatemala,Super 24,Lejitos,El Studio
Fiap,2025,Anuncios,Lejitos,Super 24,Publicidad Comercial MullenLowe,MullenLowe Group,IPG,Television/Cine/Digital - Negocios al publico,Shortlist,Guatemala,Super 24,Lejitos,El Studio
Fiap,2025,Anuncios,Lentes del Alma,TIM Telecom,BETC Havas,Havas Creative,Havas,Television/Cine/Digital - Imagen Corporativa,Shortlist,Brasil,TIM Telecom,Institucional,Santeria
Fiap,2025,Formatos,Detox BET,Institucional,Tech And Soul,Tech And Soul,Tech And Soul,Advergaming,Shortlist,Brasil,B3 Genial Investimentos IBN,Institucional,Arapiraca
Fiap,2025,Innovacion,Detox BET,Institucional,Tech And Soul,Tech And Soul,Tech And Soul,Innovacion en Gaming y Entretenimiento,Shortlist,Brasil,B3 Genial Investimentos IBN,Institucional,Arapiraca
Fiap,2025,Anuncios,Santa Teresa 1796 Gran Ron Gran Proposito,Santa Teresa,OML,Only Much Louder,Only Much Louder,Television/Cine/Digital - Alimentos/Comidas/Bebidas Alcoholicas/No Alcoholicas,Shortlist,Venezuela,Santa Teresa,Ron Santa Teresa 1796,Black Cat LAB
Fiap,2025,Innovacion,Detox BET,Institucional,Tech And Soul,Tech And Soul,Tech And Soul,Innovacion en Activaciones,Shortlist,Brasil,B3 Genial Investimentos IBN,Institucional,Arapiraca
Fiap,2025,Formatos,Peru conoce a su campeona,plazaVea,Tribeca Media,Independiente,Independiente,Mejor Uso de Ambient Media,Shortlist,Peru,plazaVea,plazaVea,Canica Films
Fiap,2025,Innovacion,Peru conoce a su campeona,plazaVea,Tribeca Media,Independiente,Independiente,Innovacion en PR,Shortlist,Peru,plazaVea,plazaVea,Canica Films
Fiap,2025,Anuncios,Peru conoce a su campeona,plazaVea,Tribeca Media,Independiente,Independiente,Uso Creativo del Espacio en Publicidad de Eventos,Shortlist,Peru,plazaVea,plazaVea,Canica Films
Fiap,2025,Innovacion,Peru conoce a su campeona,plazaVea,Tribeca Media,Independiente,Independiente,Innovacion en Eventos/Experiencia,Shortlist,Peru,plazaVea,plazaVea,Canica Films
Fiap,2025,Formatos,The Kimberly price,Plaza Vea,Fahrenheit DDB,DDB Worldwide,Omnicom,Evento en Vivo o Hibrido,Shortlist,Peru,Supermercados Peruanos,Plaza Vea,Canica Films
Fiap,2025,Formatos,The Quest,Bradesco Seguros,AlmapBBDO,BBDO Worldwide,Omnicom,Cortos,Shortlist,Brasil,Bradesco Seguros,Institutional,Dont Touch my Soda
Fiap,2025,Produccion,The Quest,Bradesco Seguros,AlmapBBDO,BBDO Worldwide,Omnicom,Tecnicas de Produccion Audiovisual - Direccion General,Shortlist,Brasil,Bradesco Seguros,Institutional,Dont Touch my Soda
Fiap,2025,Produccion,The Quest,Bradesco Seguros,AlmapBBDO,BBDO Worldwide,Omnicom,Tecnicas de Produccion Audiovisual - Animacion Computarizada/Efectos Especiales,Shortlist,Brasil,Bradesco Seguros,Institutional,Dont Touch my Soda
Fiap,2025,Produccion,The Quest,Bradesco Seguros,AlmapBBDO,BBDO Worldwide,Omnicom,Tecnicas de Produccion Audiovisual - Musica Adaptada/Musica Original/Diseno de Sonido/Canciones/Jingles/Audio Logo/Uso de Licencias,Shortlist,Brasil,Bradesco Seguros,Institutional,Dont Touch my Soda
Fiap,2025,Formatos,The Quest,Bradesco Seguros,AlmapBBDO,BBDO Worldwide,Omnicom,Online Video,Shortlist,Brasil,Bradesco Seguros,Institutional,Dont Touch my Soda
Fiap,2025,Anuncios,Hablemos como I=iguales la cafeteri=IA,Gilead,Paraphernalia,Independiente,Independiente,Salud,Shortlist,Espana,Gilead,Awareness VIH,Paraphernalia
Fiap,2025,Formatos,Un dia por las mujeres,Clinica San Felipe,Always On,Independiente,Independiente,Salud,Shortlist,Peru,Clinica San Felipe,Unidad de la mama,Always On
Fiap,2025,Formatos,Un dia por las mujeres,Clinica San Felipe,Always On,Independiente,Independiente,Mejor Uso de Influencer en cualquier plataforma,Shortlist,Peru,Clinica San Felipe,Unidad de la mama,Always On
Fiap,2025,Innovacion,Reforested Billboard La lona que hizo respirar al mundo,Tripictures,El Hombre del Paraguas,Independiente,Independiente,Innovacion en Outdoor/Via publica/Ambient,Shortlist,Espana,Tripictures/Amarillo Yellow,Pelicula Emma y El Jaguar Negro,Sistema del Solar
Fiap,2025,Formatos,Reforested Billboard La lona que hizo respirar al mundo,Tripictures,El Hombre del Paraguas,Independiente,Independiente,Mejor Uso de Ambient Media,Shortlist,Espana,Tripictures/Amarillo Yellow,Pelicula Emma y El Jaguar Negro,Sistema del Solar
Fiap,2025,Anuncios,Con Salsa todo sabe mejor - Cliente Libbys,Libbys,Hanson,Hanson Channel SL,Hanson Channel SL,Television/Cine/Digital - Alimentos/Comidas/Bebidas Alcoholicas/No Alcoholicas,Shortlist,Espana,Establecimientos Industriales Archipielago SA,Salsa 0 azucares Salsa barbacoa Catchup y Catchup picante,Candilejas Producciones
Fiap,2025,Produccion,El copiloto perfecto- Archipielago Renting,Archipielago Renting,Hanson,Hanson Channel SL,Hanson Channel SL,Tecnicas de Produccion Audiovisual - Animacion Computarizada/Efectos Especiales,Shortlist,Espana,Archipielago Renting,Alquiler de Vehiculos de empresa,Hanson Channel SL
Fiap,2025,Produccion,Crowdfunding Universidad de la Laguna,Universidad de la Laguna,Hanson,Hanson Channel SL,Hanson Channel SL,Tecnicas de Produccion Audiovisual - Animacion Computarizada/Efectos Especiales,Shortlist,Espana,Universidad de la Laguna,Servicios para proyectos,Hanson Channel SL
Fiap,2025,Anuncios,Y tu? Cuan lejos quieres llegar? - UCAB - Venezuela,UCAB,Goodman Latam,Independiente,Independiente,Television/Cine/Digital - Campanas (Productos/Servicios/Corporativas),Shortlist,Venezuela,Universidad Catolica Andres Bello � Caracas Venezuela,Institucional,Enjoy
Fiap,2025,Anuncios,Y tu? Cuan lejos quieres llegar? - UCAB - Venezuela,UCAB,Goodman Latam,Independiente,Independiente,Mejor Concepto,Shortlist,Venezuela,Universidad Catolica Andres Bello � Caracas Venezuela,Institucional,Enjoy
Fiap,2025,Anuncios,Venezuela sabe a PAN,Harina PAN,Robin Strategic Creative Agency,Independiente,Independiente,Mejor Uso de la Cultura Local,Shortlist,Venezuela,Empresas Polar,Harina PAN,robin Agency y Dynapro
Fiap,2025,Formatos,Evento de Lanzamiento Estamos en Familia Buchanans,Buchanans Venezuela,Robin Strategic Creative Agency,Independiente,Independiente,Branded Content integrado a otras plataformas,Shortlist,Venezuela,DIAGEO VENEZUELA,Nuevo concepto de marca,robin Agency/Magnishow
Fiap,2025,Innovacion,Leti es Compromiso,GRUPO LETI,Concept McCann,McCann Worldgroup,IPG,Uso de Inteligencia Artificial,Shortlist,Venezuela,Grupo LETI,GRUPO LETI,Suno IA
Fiap,2025,Anuncios,Leti es Compromiso,GRUPO LETI,Concept McCann,McCann Worldgroup,IPG,Television/Cine/Digital - Mejor Musica Incidental/Mejor Cancion Original/Mejor Direccion Musical,Shortlist,Venezuela,Grupo LETI,GRUPO LETI,Suno IA
Fiap,2025,Produccion,Leti es Compromiso,GRUPO LETI,Concept McCann,McCann Worldgroup,IPG,Uso de Inteligencia Artificial,Shortlist,Venezuela,Grupo LETI,GRUPO LETI,Suno IA
Fiap,2025,Anuncios,Fluvirin Mocobardes,Fluvirin,Concept McCann,McCann Worldgroup,IPG,Uso de Inteligencia Artificial,Shortlist,Venezuela,Grupo LETI,Fluvirin,Ideogram IA
Fiap,2025,Formatos,El Jeep de otras marcas,Jeep,Made,Independiente,Independiente,Via Publica,Shortlist,Mexico,Stellantis,Jeep Wrangler,N/A
Fiap,2025,Innovacion,Immortools,RAM,Made,Independiente,Independiente,Innovacion en Marketing Directo,Shortlist,Mexico,Stellantis,Herramientas de trabajo,N/A
Fiap,2025,Formatos,El Jeep de otras marcas,Jeep,Made,Independiente,Independiente,Mejor Uso de Ambient Media,Shortlist,Mexico,Stellantis,Jeep Wrangler,N/A
Fiap,2025,Innovacion,De vuelta a casa,Imperial FIFCO,Joystick FIFCO,Independiente,Independiente,Innovacion en campanas sobre sostenibilidad,Shortlist,Costa Rica,Imperial,Cerveza,Del Mate Producciones Kaiju Creators
Fiap,2025,Innovacion,De vuelta a casa,Imperial FIFCO,Joystick FIFCO,Independiente,Independiente,Uso de Inteligencia Artificial,Shortlist,Costa Rica,Imperial,Cerveza,Del Mate Producciones Kaiju Creators
Fiap,2025,Innovacion,De vuelta a casa,Imperial FIFCO,Joystick FIFCO,Independiente,Independiente,Innovacion en Tecnologia,Shortlist,Costa Rica,Imperial,Cerveza,Del Mate Producciones Kaiju Creators
Fiap,2025,Formatos,De vuelta a casa,Imperial FIFCO,Joystick FIFCO,Independiente,Independiente,Uso de Inteligencia Artificial,Shortlist,Costa Rica,Imperial,Cerveza,Del Mate Producciones Kaiju Creators
Fiap,2025,Formatos,De vuelta a casa,Imperial FIFCO,Joystick FIFCO,Independiente,Independiente,Mejor Campana de Sostenibilidad,Shortlist,Costa Rica,Imperial,Cerveza,Del Mate Producciones Kaiju Creators
Fiap,2025,Anuncios,De vuelta a casa,Imperial FIFCO,Joystick FIFCO,Independiente,Independiente,Uso de Inteligencia Artificial,Shortlist,Costa Rica,Imperial,Cerveza,Del Mate Producciones Kaiju Creators
Fiap,2025,Anuncios,De vuelta a casa,Imperial FIFCO,Joystick FIFCO,Independiente,Independiente,Creatividad Efectiva - Bien Publico,Shortlist,Costa Rica,Imperial,Cerveza,Del Mate Producciones Kaiju Creators
Fiap,2025,Anuncios,This is not a game,Movistar,VML,VML,WPP,Television/Cine/Digital - Bien Publico,Shortlist,Mexico,Telefonica,Negocio responsable,Landia
Fiap,2025,Anuncios,This is not a game,Movistar,VML,VML,WPP,Television/Cine/Digital - Imagen Corporativa,Shortlist,Mexico,Telefonica,Negocio responsable,Landia
Fiap,2025,Formatos,This is not a game,Movistar,VML,VML,WPP,Advergaming,Shortlist,Mexico,Telefonica,Negocio responsable,Landia
Fiap,2025,Formatos,This is not a game,Movistar,VML,VML,WPP,Social Content,Shortlist,Mexico,Telefonica,Negocio responsable,Landia
Fiap,2025,Formatos,This is not a game,Movistar,VML,VML,WPP,Online Video,Shortlist,Mexico,Telefonica,Negocio responsable,Landia
Fiap,2025,Produccion,This is not a game,Movistar,VML,VML,WPP,Tecnicas de Produccion Audiovisual - Direccion General,Shortlist,Mexico,Telefonica,Negocio responsable,Landia
Fiap,2025,Produccion,This is not a game,Movistar,VML,VML,WPP,Tecnicas de Produccion Audiovisual - Direccion de Actores,Shortlist,Mexico,Telefonica,Negocio responsable,Landia
Fiap,2025,Produccion,This is not a game,Movistar,VML,VML,WPP,Tecnicas de Produccion Audiovisual - Edicion,Shortlist,Mexico,Telefonica,Negocio responsable,Landia
Fiap,2025,Innovacion,The Kimberly price,Plaza Vea,Fahrenheit DDB,DDB Worldwide,Omnicom,Innovacion en Eventos/Experiencia,Shortlist,Peru,Supermercados Peruanos,Plaza Vea,Canica Films
Fiap,2025,Anuncios,The Kimberly price,Plaza Vea,Fahrenheit DDB,DDB Worldwide,Omnicom,Uso Creativo del Espacio en Publicidad de Eventos,Shortlist,Peru,Supermercados Peruanos,Plaza Vea,Canica Films
Fiap,2025,Anuncios,This is not a game,Movistar,VML,VML,WPP,Mejor Uso de la Cultura Local,Shortlist,Mexico,Telefonica,Negocio responsable,Landia
Fiap,2025,Formatos,Thanks for Coke-Creation,Coca-Cola,VML,VML,WPP,Via Publica,Shortlist,Mexico,Coca-Cola,Coca-Cola,Mango & Chilly Content
Fiap,2025,Formatos,Thanks for Coke-Creation,Coca-Cola,VML,VML,WPP,Business to Business Channel o Partner Marketing - B2B,Shortlist,Mexico,Coca-Cola,Coca-Cola,Mango & Chilly Content
Fiap,2025,Anuncios,Thanks for Coke-Creation,Coca-Cola,VML,VML,WPP,Grafica - Alimentos/Comidas/Bebidas Alcoholicas/No Alcoholicas,Shortlist,Mexico,Coca-Cola,Coca-Cola,Mango & Chilly Content
Fiap,2025,Anuncios,Thanks for Coke-Creation,Coca-Cola,VML,VML,WPP,Mejor Uso de la Cultura Local,Shortlist,Mexico,Coca-Cola,Coca-Cola,Mango & Chilly Content
Fiap,2025,Anuncios,Thanks for Coke-Creation,Coca-Cola,VML,VML,WPP,Grafica - Imagen Corporativa/Branding,Shortlist,Mexico,Coca-Cola,Coca-Cola,Mango & Chilly Content
Fiap,2025,Produccion,Thanks for Coke-Creation,Coca-Cola,VML,VML,WPP,Tecnicas de Produccion Grafica - Direccion de Arte,Shortlist,Mexico,Coca-Cola,Coca-Cola,Mango & Chilly Content
Fiap,2025,Innovacion,Te lo cuento desde,Banco Guayaquil,Circo,Independiente,Independiente,Innovacion en Redes Sociales,Shortlist,Ecuador,Banco Guayaquil,Banco Guayaquil,La Gallera
Fiap,2025,Produccion,Te lo cuento desde,Banco Guayaquil,Circo,Independiente,Independiente,Tecnicas de Produccion de Contenidos,Shortlist,Ecuador,Banco Guayaquil,Banco Guayaquil,La Gallera
Fiap,2025,Formatos,SubwayTrench,LOreal,Dentsu Creative,Dentsu Group Inc,Dentsu Group,Mejor Campana de Plataforma de Responsabilidad Social,Shortlist,Espana,LOreal Paris (Espana),StandUp,StoryLab
Fiap,2025,Innovacion,subwaytrench,LOreal,Dentsu Creative,Dentsu Group Inc,Dentsu Group,Innovacion en Outdoor/Via publica/Ambient,Shortlist,Espana,LOreal Paris (Espana),StandUp,StoryLab
Fiap,2025,Anuncios,SubwayTrench,LOreal,Dentsu Creative,Dentsu Group Inc,Dentsu Group,Transformacion Social - Empresas Privadas,Shortlist,Espana,LOreal Paris (Espana),StandUp,StoryLab
Fiap,2025,Anuncios,SubwayTrench,LOreal,Dentsu Creative,Dentsu Group Inc,Dentsu Group,Via Publica - Servicios,Shortlist,Espana,LOreal Paris (Espana),StandUp,StoryLab
Fiap,2025,Innovacion,Tu esfuerzo desfila en los juegos olimpicos,Banco Santander,Minerva Marketing,Independiente,Independiente,Innovacion en Eventos/Experiencia,Shortlist,Espana,Banco Santander,Banco Santander,N/A
Fiap,2025,Innovacion,Cementerio de flora y fauna,COP16,Inmov - Latir,Independiente,Independiente,Innovacion en Eventos/Experiencia,Shortlist,Colombia,ONU - COP16 primera Conferencia de las Partes realizada en Cali Colombia,Evento COP16,Wonderlust by Inmov
Fiap,2025,Innovacion,Cementerio de flora y fauna,COP16,Inmov - Latir,Independiente,Independiente,Mejor Experiencia Interactiva y Creativa en Evento,Shortlist,Colombia,ONU - COP16 primera Conferencia de las Partes realizada en Cali Colombia,Evento COP16,Wonderlust by Inmov
Fiap,2025,Formatos,Soluciones de mi Gente 3a ed,Sempra Infraestructura,Pulso Agency,Independiente,Independiente,Mejor Campana de Plataforma de Responsabilidad Social,Shortlist,Mexico,Sempra Infraestructura,Soluciones de mi Gente,PULSO Agency
Fiap,2025,Anuncios,Jockey Plaza,Jockey Plaza,Burns The Agency,Independiente,Independiente,Television/Cine/Digital - Campanas Bien Publico,Shortlist,Peru,Jockey Plaza,Plataforma Antibullying,The Kubricks
Fiap,2025,Anuncios,Radio Prosegur,Prosegur Alarmas,Burns The Agency,Independiente,Independiente,Radio - Campanas Bien Publico,Shortlist,Peru,Prosegur Alarmas,Camaras de Seguridad Prosegur Alarmas,Zava Records Rodolfo Zavalaga
Fiap,2025,Anuncios,El Chisme del Bueno,Sempra Infraestructura,Pulso Agency,Independiente,Independiente,Television/Cine/Digital - Bajo Presupuesto,Shortlist,Mexico,Sempra Infraestructura,Soluciones de mi Gente,PULSO Agency
Fiap,2025,Produccion,BBVA - Anaquel de cuentas,BBVA,Ka&O Films and Content,Independiente,Independiente,Tecnicas de Produccion Audiovisual - Direccion General,Shortlist,Peru,BBVA,BBVA - Anaquel de Cuentas,Ka&O Films and Content
Fiap,2025,Innovacion,Navega la Vila,La Vila Joiosa,Makinaccion,Makinaccion,Makinaccion,Innovacion en Outdoor/Via publica/Ambient,Shortlist,Espana,Concejalia de turismo del ayuntamiento de La Vila Joiosa,La oferta turistica de La Vila Joiosa,Makinaccion
Fiap,2025,Anuncios,Jockey Plaza,Jockey Plaza,Burns The Agency,Independiente,Independiente,Creatividad Efectiva - Bien Publico,Shortlist,Peru,Jockey Plaza,Plataforma Antibullying,The Kubricks
Fiap,2025,Anuncios,ON510,ON510 Energia positva,Parker,Independiente,Independiente,Mejor Diseno,Shortlist,Espana,Grupo Enhol,Comercializadora electrica,Parker
Fiap,2025,Anuncios,ON510,ON510 Energia positva,Parker,Independiente,Independiente,Mejor Concepto,Shortlist,Espana,Grupo Enhol,Comercializadora electrica,Parker
Fiap,2025,Anuncios,Great ideas,Getty Images,DDB Latina,DDB Worldwide,Omnicom,Grafica - Campanas (Productos/Servicios/Corporativas),Shortlist,Uruguay,Getty Images,Banco de imagenes,DDB Uruguay
Fiap,2025,Anuncios,Muy poco viene para lo cerca que lo tienes,Tu Provincia Huesca La Magia,La Colmena Creativa,Hub Of Brands,N/A,Television/Cine/Digital - Recreacion/Placer/Tiempo Libre/Transporte/Viajes/Turismo,Shortlist,Espana,Diputacion Provincial de Huesca,Campana de Turismo,La Colmena Creativa
Fiap,2025,Anuncios,Marea Purpura,Marea Purpura,Grizzly Brands,Independiente,Independiente,Grafica - Imagen Corporativa/Branding,Shortlist,Colombia,Civix Colombia,Diseno imagen corporativa y Branding,N/A
Fiap,2025,Anuncios,Liderab,Marea Purpura,Grizzly Brands,Independiente,Independiente,Grafica - Imagen Corporativa/Branding,Shortlist,Colombia,Civix Colombia,Diseno imagen corporativa y Branding,N/A
Fiap,2025,Anuncios,Frascos infinitos - Mayonesa Kraft,Mayonesa Kraft,Amarillo Creative Lab,Independiente,Independiente,Radio - Alimentos/Comidas/Bebidas Alcoholicas/No Alcoholicas,Shortlist,Venezuela,Mondelez internacional,Mayonesa Kraft,Piedra Studios
Fiap,2025,Formatos,Frascos infinitos - Mayonesa Kraft,Kraft,Amarillo Creative Lab,Independiente,Independiente,Mejor Campana de Sostenibilidad,Shortlist,Venezuela,Mondelez Internacional,Mayonesa Kraft,Fenix Media
Fiap,2025,Innovacion,Frascos infinitos - Mayonesa Kraft,Kraft,Amarillo Creative Lab,Independiente,Independiente,Innovacion en campanas sobre sostenibilidad,Shortlist,Venezuela,Mondelez Internacional,Mayonesa Kraft,N/A
Fiap,2025,Anuncios,Frascos infinitos - Mayonesa Kraft,Mayonesa Kraft,Amarillo Creative Lab,Independiente,Independiente,Mejor Uso de la Cultura Local,Shortlist,Venezuela,Mondelez Internacional,Mayonesa Kraft,Fenix Media
Fiap,2025,Formatos,Libres de Trata,Libres de Trata,Amarillo Creative Lab,Independiente,Independiente,Mejor Campana de Plataforma de Responsabilidad Social,Shortlist,Venezuela,Libres de Trata,Libres de Trata,N/A
Fiap,2025,Formatos,Libres de Trata,Libres de Trata,Amarillo Creative Lab,Independiente,Independiente,Mejor Uso de Influencer en cualquier plataforma,Shortlist,Venezuela,Libres de Trata,Libres de Trata,N/A
Fiap,2025,Anuncios,Libres de Trata,Libres de Trata,Amarillo Creative Lab,Independiente,Independiente,Transformacion Social - ONG,Shortlist,Venezuela,Libres de Trata,Libres de Trata,N/A
Fiap,2025,Formatos,Frascos infinitos - Mayonesa Kraft,Kraft,Amarillo Creative Lab,Independiente,Independiente,Mejor Uso de Influencer en cualquier plataforma,Shortlist,Venezuela,Mondelez Internacional,Mayonesa Kraft,N/A
Fiap,2025,Anuncios,Frascos infinitos - Mayonesa Kraft,Kraft,Amarillo Creative Lab,Independiente,Independiente,Campanas Integrales,Shortlist,Venezuela,Mondelez Internacional,Mayonesa Kraft,N/A
Fiap,2025,Anuncios,Frascos infinitos - Mayonesa Kraft,Kraft,Amarillo Creative Lab,Independiente,Independiente,Radio - Jingles/Musica Original/Audio logo/Mejor Sound Effect,Shortlist,Venezuela,Mondelez Internacional,MAyonesa Kraft,Piedra Studios
